source_record_id,result_rank,title,authors,year,doi,url,record_type,venue,notes,normalized_title,exact_doi_duplicate_group,normalized_title_duplicate_group,manual_version_duplicate_group,deduplication_status,deduplication_notes,deduplication_decision,deduplication_review_group,removed_source_record_ids,deduplication_confirmation_status
GS001,1,"Cross -Dataset Transformer-IDS with Calibration and AUC Optimization (Evaluated on NSL-KDD, UNSW-NB15, CIC-IDS2017).","C Xin, K Xu",2025,,https://openurl.ebsco.com/contentitem/gcd:193600133?sid=ebsco:plink:crawler-gcd&id=ebsco:gcd:193600133&crl=c&jrnl=25790072,journal-article,Journal of Cybersecurity (2579-0072),"Direct extraction of current Google Scholar result pages using the reported concept groups with spaces as source-specific AND syntax; current Scholar rank, not the historical rank; Scholar cluster 182041786770434387; cited-by count displayed 5",cross dataset transformer ids with calibration and auc optimization evaluated on nsl kdd unsw nb15 cic ids2017,,,,no_automatic_match,,not_a_duplicate_candidate,,,not_required
GS003,3,Few-shot network intrusion detection method based on multi-domain fusion and cross-attention,"C Xu, D Li, Z Liu, J Yang, Q Shen, N Tong",2025,10.1371/journal.pone.0327161,https://journals.plos.org/plosone/article?id=10.1371/journal.pone.0327161,journal-article,Plos one,"Direct extraction of current Google Scholar result pages using the reported concept groups with spaces as source-specific AND syntax; current Scholar rank, not the historical rank; Scholar cluster 9312811795847718474; cited-by count displayed 8",few shot network intrusion detection method based on multi domain fusion and cross attention,,,,no_automatic_match,,not_a_duplicate_candidate,,,not_required
GS004,4,Generative active adaptation for drifting and imbalanced network intrusion detection,"R Gupta, S Liu, R Zhang, X Hu, X Wang…",2025,10.48550/arXiv.2503.03022,https://arxiv.org/abs/2503.03022,posted-content,arXiv preprint arXiv …,"Direct extraction of current Google Scholar result pages using the reported concept groups with spaces as source-specific AND syntax; current Scholar rank, not the historical rank; Scholar cluster 13312417225947295849; cited-by count displayed 18",generative active adaptation for drifting and imbalanced network intrusion detection,,,,no_automatic_match,,not_a_duplicate_candidate,,,not_required
GS006,6,DATI-IDS: Domain adaptation and time-series imaging-based intrusion detection system for connected autonomous vehicles,"J Tan, L Huang, Z Xia, K Gu, W Hao…",2025,10.1109/tits.2025.3587750,https://ieeexplore.ieee.org/abstract/document/11095369/,journal-article,IEEE Transactions on …,"Direct extraction of current Google Scholar result pages using the reported concept groups with spaces as source-specific AND syntax; current Scholar rank, not the historical rank; Scholar cluster 5717645215874765075; cited-by count displayed 6; DOI verified from official publisher metadata",dati ids domain adaptation and time series imaging based intrusion detection system for connected autonomous vehicles,DOI_DUP_018,TITLE_DUP_012,,candidate_duplicate,exact DOI candidate with GS022 | normalized-title candidate with GS022,retain_preferred_version,DRG011,GS022,author_confirmed_consensus
GS007,7,Anomaly-based intrusion detection on benchmark datasets for network security: A comprehensive evaluation,"LKS Kumar, SR Nethi, R Uyyala, P Vurubindi…",2026,10.1038/s41598-026-38317-w,https://www.nature.com/articles/s41598-026-38317-w,journal-article,Scientific Reports,"Direct extraction of current Google Scholar result pages using the reported concept groups with spaces as source-specific AND syntax; current Scholar rank, not the historical rank; Scholar cluster 13603625880129930989; cited-by count displayed 7; verified publication date 2026-03-09",anomaly based intrusion detection on benchmark datasets for network security a comprehensive evaluation,,,,no_automatic_match,,not_a_duplicate_candidate,,,not_required
GS008,8,OLIDA-IDS: Online learning with integrated domain adaptation for intrusion detection systems,"J Violos, C Krikas, P Sarantos…",2025,,https://ieeexplore.ieee.org/abstract/document/11431867/,journal-article,… 2025-,"Direct extraction of current Google Scholar result pages using the reported concept groups with spaces as source-specific AND syntax; current Scholar rank, not the historical rank; Scholar cluster 7930383883692937546; cited-by count displayed 1",olida ids online learning with integrated domain adaptation for intrusion detection systems,,,,no_automatic_match,,not_a_duplicate_candidate,,,not_required
GS009,9,"Deep Learning for Contextualized NetFlow-Based Network Intrusion Detection : Methods, Data, Evaluation and Deployment","AE Mahdaouy, IA Yahia, S Oualil, I Berrada",2026,10.48550/arXiv.2602.05594,https://arxiv.org/abs/2602.05594,posted-content,arXiv preprint arXiv …,"Direct extraction of current Google Scholar result pages using the reported concept groups with spaces as source-specific AND syntax; current Scholar rank, not the historical rank; Scholar cluster 9775148401472288101; cited-by count displayed 2; verified arXiv first-submission date 2026-02-05",deep learning for contextualized netflow based network intrusion detection methods data evaluation and deployment,DOI_DUP_023,TITLE_DUP_013,,candidate_duplicate,exact DOI candidate with GS023 | normalized-title candidate with GS023,retain_preferred_version,DRG012,GS023,author_confirmed_consensus
GS010,10,WOA-SA: Optimizing NIDS with enhanced deep learning for zero -day attack detection,"MS HABEEB, TR BABU",2024,,https://www.researchgate.net/profile/Mohammed-Habeeb-2/publication/382636647_WOA-SA_OPTIMIZING_NIDS_WITH_ENHANCED_DEEP_LEARNING_FOR_ZERO-DAY_ATTACK_DETECTION/links/66a67edfc6e41359a8468d7d/WOA-SA-OPTIMIZING-NIDS-WITH-ENHANCED-DEEP-LEARNING-FOR-ZERO-DAY-ATTACK-DETECTION.pdf,journal-article,Journal of Jilin University (Engineering …,"Direct extraction of current Google Scholar result pages using the reported concept groups with spaces as source-specific AND syntax; current Scholar rank, not the historical rank; Scholar cluster 3144013056636920633; cited-by count displayed 6",woa sa optimizing nids with enhanced deep learning for zero day attack detection,,TITLE_DUP_025,,candidate_duplicate,normalized-title candidate with GS015,retain_preferred_version,DRG013,GS015,author_confirmed_consensus
GS012,12,Intrusion Detection in Heterogeneous Networks with Domain-Adaptive Multi-Modal Learning,"MU Varghese, Z Taghiyarrenani",2025,10.48550/arXiv.2508.03517,https://arxiv.org/abs/2508.03517,posted-content,arXiv preprint arXiv:2508.03517,"Direct extraction of current Google Scholar result pages using the reported concept groups with spaces as source-specific AND syntax; current Scholar rank, not the historical rank; Scholar cluster 6518353589483937388; cited-by count displayed 3",intrusion detection in heterogeneous networks with domain adaptive multi modal learning,,,,no_automatic_match,,not_a_duplicate_candidate,,,not_required
GS016,16,Unveiling the Generalizability Gap: A Cross-Domain Evaluation of Machine Learning Algorithms for Network Intrusion Detection,"MI Amin, M Shen, SUA Laghari…",2024,,https://ieeexplore.ieee.org/abstract/document/11119949/,journal-article,,"Direct extraction of current Google Scholar result pages using the reported concept groups with spaces as source-specific AND syntax; current Scholar rank, not the historical rank; cited-by count displayed 0",unveiling the generalizability gap a cross domain evaluation of machine learning algorithms for network intrusion detection,,,,no_automatic_match,,not_a_duplicate_candidate,,,not_required
GS018,18,Transfer Learning with CNNs for Cross -Dataset Network Anomaly Detection in Heterogeneous Cybersecurity Environments,L Ridwan,2025,,https://www.researchgate.net/profile/Noora-Qahtani/publication/395924463_Transfer_Learning_with_CNNs_for_Cross-Dataset_Network_Anomaly_Detection_in_Heterogeneous_Cybersecurity_Environments/links/68d85bfeffdca73694b3cdb6/Transfer-Learning-with-CNNs-for-Cross-Dataset-Network-Anomaly-Detection-in-Heterogeneous-Cybersecurity-Environments.pdf,journal-article,,"Direct extraction of current Google Scholar result pages using the reported concept groups with spaces as source-specific AND syntax; current Scholar rank, not the historical rank; cited-by count displayed 0",transfer learning with cnns for cross dataset network anomaly detection in heterogeneous cybersecurity environments,,,,no_automatic_match,,not_a_duplicate_candidate,,,not_required
GS019,19,CNN channel attention intrusion detection system using NSL-KDD dataset,"FS Alrayes, M Zakariah, SU Amin, ZI Khan…",2024,10.32604/cmc.2024.050586,https://www.sciopen.com/article/10.32604/cmc.2024.050586,journal-article,"Computers, Materials &…","Direct extraction of current Google Scholar result pages using the reported concept groups with spaces as source-specific AND syntax; current Scholar rank, not the historical rank; Scholar cluster 12119868755707069018; cited-by count displayed 55",cnn channel attention intrusion detection system using nsl kdd dataset,,,,no_automatic_match,,not_a_duplicate_candidate,,,not_required
GS021,21,Learn-ids: Bridging gaps between datasets and learning-based network intrusion detection,"M Wang, N Yang, Y Guo, N Weng",2024,,https://www.mdpi.com/2079-9292/13/6/1072,journal-article,Electronics,"Direct extraction of current Google Scholar result pages using the reported concept groups with spaces as source-specific AND syntax; current Scholar rank, not the historical rank; Scholar cluster 882223374837489618; cited-by count displayed 20",learn ids bridging gaps between datasets and learning based network intrusion detection,,,,no_automatic_match,,not_a_duplicate_candidate,,,not_required
GS024,24,Industrial network intrusion detection in open -set scenarios,"W Yu, Z Chen, H Wang, Z Miao, D Zhong",2025,10.1007/s10207-024-00949-2,https://link.springer.com/article/10.1007/s10207-024-00949-2,journal-article,International Journal of…,"Direct extraction of current Google Scholar result pages using the reported concept groups with spaces as source-specific AND syntax; current Scholar rank, not the historical rank; Scholar cluster 16799010406434851936; cited-by count displayed 10",industrial network intrusion detection in open set scenarios,,,,no_automatic_match,,not_a_duplicate_candidate,,,not_required
GS025,25,Open -set recognition in unknown DDoS attacks detection with reciprocal points learning,"CS Shieh, FA Ho, MF Horng, TT Nguyen…",2024,,https://ieeexplore.ieee.org/abstract/document/10497567/,journal-article,IEEE…,"Direct extraction of current Google Scholar result pages using the reported concept groups with spaces as source-specific AND syntax; current Scholar rank, not the historical rank; Scholar cluster 11945536698514602836; cited-by count displayed 28",open set recognition in unknown ddos attacks detection with reciprocal points learning,,,,no_automatic_match,,not_a_duplicate_candidate,,,not_required
GS026,27,A multi-agent adaptive deep learning framework for online intrusion detection,"M Soltani, K Khajavi, M Jafari Siavoshani, AH Jahangir",2024,10.1186/s42400-023-00199-0,https://link.springer.com/article/10.1186/s42400-023-00199-0,journal-article,Cybersecurity,"Direct extraction of current Google Scholar result pages using the reported concept groups with spaces as source-specific AND syntax; current Scholar rank, not the historical rank; Scholar cluster 10400680062227249784; cited-by count displayed 62",a multi agent adaptive deep learning framework for online intrusion detection,,,,no_automatic_match,,not_a_duplicate_candidate,,,not_required
GS027,28,Enhanced Adversarial Domain Adaptation for Intrusion Detection Systems,"I Guerziz, Z Abou El Houda…",2025,,https://ieeexplore.ieee.org/abstract/document/11257501/,journal-article,,"Direct extraction of current Google Scholar result pages using the reported concept groups with spaces as source-specific AND syntax; current Scholar rank, not the historical rank; Scholar cluster 5385922138846194342; cited-by count displayed 2",enhanced adversarial domain adaptation for intrusion detection systems,,,,no_automatic_match,,not_a_duplicate_candidate,,,not_required
GS028,29,A Semi-Supervised Meta-Negative-Learning Approach to Few-Shot Network Intrusion Detection in Internet of Things,"M Wu, Y Zheng, Y Yang, J Luo…",2026,10.1109/jiot.2026.3653672,https://ieeexplore.ieee.org/abstract/document/11348114/,journal-article,IEEE Internet of Things…,"Direct extraction of current Google Scholar result pages using the reported concept groups with spaces as source-specific AND syntax; current Scholar rank, not the historical rank; Scholar cluster 230903981240873585; cited-by count displayed 1; verified IEEE publication date 2026-01-13",a semi supervised meta negative learning approach to few shot network intrusion detection in internet of things,,,,no_automatic_match,,not_a_duplicate_candidate,,,not_required
GS029,30,Deep learning -based network intrusion detection systems: a systematic literature review,"LL Mutembei, MC Senekane, T van Zyl",2024,10.1007/978-3-031-78255-8_13,https://link.springer.com/chapter/10.1007/978-3-031-78255-8_13,book-chapter,Southern African Conference for…,"Direct extraction of current Google Scholar result pages using the reported concept groups with spaces as source-specific AND syntax; current Scholar rank, not the historical rank; Scholar cluster 15919111538147613763; cited-by count displayed 6",deep learning based network intrusion detection systems a systematic literature review,,,,no_automatic_match,,not_a_duplicate_candidate,,,not_required
GS030,31,Highly accurate anomaly based intrusion detection through integration of the local outlier factor and convolutional neural network,"R Rabih, H Vahdat-Nejad, W Mansoor, JH Joloudari",2025,10.1038/s41598-025-08175-z,https://www.nature.com/articles/s41598-025-08175-z,journal-article,Scientific Reports,"Direct extraction of current Google Scholar result pages using the reported concept groups with spaces as source-specific AND syntax; current Scholar rank, not the historical rank; Scholar cluster 18068152445532675798; cited-by count displayed 11",highly accurate anomaly based intrusion detection through integration of the local outlier factor and convolutional neural network,,,,no_automatic_match,,not_a_duplicate_candidate,,,not_required
GS031,32,Machine learning and deep learning techniques for internet of things network anomaly detection —current research trends,"SH Rafique, A Abdallah, NS Musa, T Murugan",2024,,https://www.mdpi.com/1424-8220/24/6/1968,journal-article,Sensors,"Direct extraction of current Google Scholar result pages using the reported concept groups with spaces as source-specific AND syntax; current Scholar rank, not the historical rank; Scholar cluster 8129716881245510628; cited-by count displayed 199",machine learning and deep learning techniques for internet of things network anomaly detection current research trends,,,,no_automatic_match,,not_a_duplicate_candidate,,,not_required
GS032,33,NIDS Neural Networks Using Sliding Time Window Data Processing with Trainable Activations and its Generalization Capability,"A Raskovalov, N Gabdullin, I Androsov",2024,10.48550/arXiv.2410.18658,https://arxiv.org/abs/2410.18658,posted-content,arXiv preprint arXiv:2410.18658,"Direct extraction of current Google Scholar result pages using the reported concept groups with spaces as source-specific AND syntax; current Scholar rank, not the historical rank; Scholar cluster 10550555234867374910; cited-by count displayed 1",nids neural networks using sliding time window data processing with trainable activations and its generalization capability,,,,no_automatic_match,,not_a_duplicate_candidate,,,not_required
GS033,34,Cross-Domain Adversarial Alignment for Network Anomaly Detection Through Behavioral Embedding Enrichment,"C Salvador-Najar, LJ Domínguez Pérez",2025,,https://www.mdpi.com/2073-431X/14/11/450,journal-article,Computers,"Direct extraction of current Google Scholar result pages using the reported concept groups with spaces as source-specific AND syntax; current Scholar rank, not the historical rank; Scholar cluster 73862307637874384; cited-by count displayed 0",cross domain adversarial alignment for network anomaly detection through behavioral embedding enrichment,,,,no_automatic_match,,not_a_duplicate_candidate,,,not_required
GS035,36,Network intrusion detection system based on domain adaptation for industrial control system,"J Zhang, L Yu, F Zhang",2024,,https://books.google.com/books?hl=en&lr=&id=nAL6EAAAQBAJ&oi=fnd&pg=PA430&dq=(%22network+intrusion+detection%22+OR+NIDS+OR+%22network+anomaly+detection%22,book-chapter,Artificial Intelligence Technologies and…,"Direct extraction of current Google Scholar result pages using the reported concept groups with spaces as source-specific AND syntax; current Scholar rank, not the historical rank; Scholar cluster 5046972933354939658; cited-by count displayed 1",network intrusion detection system based on domain adaptation for industrial control system,,,,no_automatic_match,,not_a_duplicate_candidate,,,not_required
GS036,37,A review on generative intelligence in deep learning based network intrusion detection,"M Ali, I Udoidiok, F Li, J Zhang",2024,,https://ieeexplore.ieee.org/abstract/document/10778836/,journal-article,,"Direct extraction of current Google Scholar result pages using the reported concept groups with spaces as source-specific AND syntax; current Scholar rank, not the historical rank; Scholar cluster 15598692136973582392; cited-by count displayed 7",a review on generative intelligence in deep learning based network intrusion detection,,,,no_automatic_match,,not_a_duplicate_candidate,,,not_required
GS037,38,Zero-shot based hybrid neural network system for enhancing zero -day attack detection,"K Saurabh, U Singh, A Mishra, R Vyas…",2024,,https://ieeexplore.ieee.org/abstract/document/10958486/,journal-article,,"Direct extraction of current Google Scholar result pages using the reported concept groups with spaces as source-specific AND syntax; current Scholar rank, not the historical rank; Scholar cluster 11733312279520192163; cited-by count displayed 8",zero shot based hybrid neural network system for enhancing zero day attack detection,,,,no_automatic_match,,not_a_duplicate_candidate,,,not_required
GS038,39,Deep learning techniques for network intrusion detection : A comparative survey,"AP AbdelHalim, A Abo-Alian, N Badr",2025,,https://journals.ekb.eg/article_442991.html,journal-article,International Journal of…,"Direct extraction of current Google Scholar result pages using the reported concept groups with spaces as source-specific AND syntax; current Scholar rank, not the historical rank; Scholar cluster 10620970004166106540; cited-by count displayed 6",deep learning techniques for network intrusion detection a comparative survey,,,,no_automatic_match,,not_a_duplicate_candidate,,,not_required
GS039,40,Heterogeneous network intrusion detection via domain adaptation in IoT environment,"J Zhang, Y Li, L Zhang",2025,10.1002/itl2.531,https://onlinelibrary.wiley.com/doi/abs/10.1002/itl2.531,journal-article,Internet Technology Letters,"Direct extraction of current Google Scholar result pages using the reported concept groups with spaces as source-specific AND syntax; current Scholar rank, not the historical rank; Scholar cluster 990822229244473330; cited-by count displayed 11",heterogeneous network intrusion detection via domain adaptation in iot environment,,,,no_automatic_match,,not_a_duplicate_candidate,,,not_required
GS040,41,FN-GNN: A novel graph embedding approach for enhancing graph neural networks in network intrusion detection systems,"DH Tran, M Park",2024,,https://www.mdpi.com/2076-3417/14/16/6932,journal-article,Applied Sciences,"Direct extraction of current Google Scholar result pages using the reported concept groups with spaces as source-specific AND syntax; current Scholar rank, not the historical rank; Scholar cluster 5012808637476709901; cited-by count displayed 80",fn gnn a novel graph embedding approach for enhancing graph neural networks in network intrusion detection systems,,,,no_automatic_match,,not_a_duplicate_candidate,,,not_required
GS041,42,Research on Multi Modal Network Intrusion Detection Method Based on Deep Neural Network,W Huang,2025,,https://ieeexplore.ieee.org/abstract/document/11307453/,journal-article,,"Direct extraction of current Google Scholar result pages using the reported concept groups with spaces as source-specific AND syntax; current Scholar rank, not the historical rank; Scholar cluster 16659534533132438328; cited-by count displayed 1",research on multi modal network intrusion detection method based on deep neural network,,,,no_automatic_match,,not_a_duplicate_candidate,,,not_required
GS042,43,Advancing Network Security Through Deep Learning : A Hybrid Graph-Based and Temporal Approach to Anomaly and Threat Detection,"A Arindam, AS Baghel",2025,10.22214/ijraset.2025.71415,https://www.researchgate.net/profile/Abhirup-Arindam/publication/392266463_Advancing_Network_Security_Through_Deep_Learning_A_Hybrid_Graph-Based_and_Temporal_Approach_to_Anomaly_and_Threat_Detection/links/68488ee26b5a287c304a5a41/Advancing-Network-Security-Through-Deep-Learning-A-Hybrid-Graph-Based-and-Temporal-Approach-to-Anomaly-and-Threat-Detection.pdf,journal-article,researchgate.net,"Direct extraction of current Google Scholar result pages using the reported concept groups with spaces as source-specific AND syntax; current Scholar rank, not the historical rank; Scholar cluster 6247234606767423618; cited-by count displayed 5; verified publisher date 2025-05-21",advancing network security through deep learning a hybrid graph based and temporal approach to anomaly and threat detection,,,,no_automatic_match,,not_a_duplicate_candidate,,,not_required
GS043,44,Network anomaly detection using Deep Autoencoder and parallel Artificial Bee Colony algorithm-trained neural network,"H Hacılar, BK Dedeturk, B Bakir-Gungor…",2024,,https://peerj.com/articles/cs-2333/,journal-article,PeerJ Computer…,"Direct extraction of current Google Scholar result pages using the reported concept groups with spaces as source-specific AND syntax; current Scholar rank, not the historical rank; Scholar cluster 9301883367399841067; cited-by count displayed 10",network anomaly detection using deep autoencoder and parallel artificial bee colony algorithm trained neural network,,,,no_automatic_match,,not_a_duplicate_candidate,,,not_required
GS044,45,ADAP-GNN: Adaptive property-aware graph neural network for intrusion detection in IoT networks,"M Termos, Z Ghalmane, A Fadlallah, A Jaber…",2026,10.1016/j.compeleceng.2026.111051,https://www.sciencedirect.com/science/article/pii/S0045790626001230,journal-article,Computers and…,"Direct extraction of current Google Scholar result pages using the reported concept groups with spaces as source-specific AND syntax; current Scholar rank, not the historical rank; Scholar cluster 10568900907243326236; cited-by count displayed 3; verified online-indexing date 2026-02-16; May 2026 issue",adap gnn adaptive property aware graph neural network for intrusion detection in iot networks,,,,no_automatic_match,,not_a_duplicate_candidate,,,not_required
GS045,46,A privacy-preserving graph neural network for network intrusion detection,"X Pei, X Deng, S Tian, P Jiang…",2024,,https://ieeexplore.ieee.org/abstract/document/10568382/,journal-article,IEEE Transactions on…,"Direct extraction of current Google Scholar result pages using the reported concept groups with spaces as source-specific AND syntax; current Scholar rank, not the historical rank; Scholar cluster 9780375209711220601; cited-by count displayed 18",a privacy preserving graph neural network for network intrusion detection,,,,no_automatic_match,,not_a_duplicate_candidate,,,not_required
GS046,47,Network intrusion detection with feature elimination and selection using deep learning,"A Mann, MV Kiran, B Nithya…",2024,,https://ieeexplore.ieee.org/abstract/document/10543897/,proceedings-article,…Conference on Emerging…,"Direct extraction of current Google Scholar result pages using the reported concept groups with spaces as source-specific AND syntax; current Scholar rank, not the historical rank; Scholar cluster 40875913357608124; cited-by count displayed 1",network intrusion detection with feature elimination and selection using deep learning,,,,no_automatic_match,,not_a_duplicate_candidate,,,not_required
GS047,48,A Two-Stage Deep Learning Framework Based on Device Address Features for Network Intrusion Detection,"Y Fan, Y Ma, X Liu, J Ma",2025,10.1007/978-3-031-94898-5_45,https://link.springer.com/chapter/10.1007/978-3-031-94898-5_45,book-chapter,International Conference on Machine Learning…,"Direct extraction of current Google Scholar result pages using the reported concept groups with spaces as source-specific AND syntax; current Scholar rank, not the historical rank; Scholar cluster 7864871312447924245; cited-by count displayed 1",a two stage deep learning framework based on device address features for network intrusion detection,,,,no_automatic_match,,not_a_duplicate_candidate,,,not_required
GS048,49,Evaluation of Anomaly-based Network Intrusion Detection Systems with Unclean Training Data for Low-rate Attack Detection,"AO Prabowo, DJ Arrizki, BA Pratomo, AI Fajar…",2026,10.3390/jcp6010014,https://www.mdpi.com/2624-800X/6/1/14,journal-article,…of Cybersecurity and…,"Direct extraction of current Google Scholar result pages using the reported concept groups with spaces as source-specific AND syntax; current Scholar rank, not the historical rank; Scholar cluster 2658766611712507995; cited-by count displayed 2; verified publisher date 2026-01-06",evaluation of anomaly based network intrusion detection systems with unclean training data for low rate attack detection,,,,no_automatic_match,,not_a_duplicate_candidate,,,not_required
GS049,50,AI-Driven Intrusion Detection Systems: Leveraging deep learning for network security,"M Joshi, S Birla, H Pal, K Khatri, M Kadwal…",2024,,https://www.academia.edu/download/118713454/44.pdf,journal-article,Nanotechnology…,"Direct extraction of current Google Scholar result pages using the reported concept groups with spaces as source-specific AND syntax; current Scholar rank, not the historical rank; Scholar cluster 11734038520455045005; cited-by count displayed 7",ai driven intrusion detection systems leveraging deep learning for network security,,,,no_automatic_match,,not_a_duplicate_candidate,,,not_required
GS050,51,Modular deep learning -based network intrusion detection architecture for real-world cyber-attack simulation,"V Ciric, M Milosevic, D Sokolovic…",2024,,https://www.sciencedirect.com/science/article/pii/S1569190X24000303,journal-article,…Modelling Practice and…,"Direct extraction of current Google Scholar result pages using the reported concept groups with spaces as source-specific AND syntax; current Scholar rank, not the historical rank; Scholar cluster 14064180497000788915; cited-by count displayed 18",modular deep learning based network intrusion detection architecture for real world cyber attack simulation,,,,no_automatic_match,,not_a_duplicate_candidate,,,not_required
GS053,54,Uncertainty -quantified neurosymbolic ai for open set recognition in network intrusion detection,"J Sander, CEJ Yu, B Jalaian…",2024,,https://ieeexplore.ieee.org/abstract/document/10773953/,proceedings-article,MILCOM 2024-2024…,"Direct extraction of current Google Scholar result pages using the reported concept groups with spaces as source-specific AND syntax; current Scholar rank, not the historical rank; Scholar cluster 16979315197085945632; cited-by count displayed 9",uncertainty quantified neurosymbolic ai for open set recognition in network intrusion detection,,,,no_automatic_match,,not_a_duplicate_candidate,,,not_required
GS054,55,An advanced attack categorization in NIDS using enhanced deep learning based EOptResfEANet methodology with hybrid feature extraction,"VA Moudiappa, K Nataraj, VN Rajavarman",2025,10.1007/s10586-024-04995-2,https://link.springer.com/article/10.1007/s10586-024-04995-2,journal-article,Cluster Computing,"Direct extraction of current Google Scholar result pages using the reported concept groups with spaces as source-specific AND syntax; current Scholar rank, not the historical rank; Scholar cluster 2688223745561952868; cited-by count displayed 1",an advanced attack categorization in nids using enhanced deep learning based eoptresfeanet methodology with hybrid feature extraction,,,,no_automatic_match,,not_a_duplicate_candidate,,,not_required
GS055,56,A comparative study of using deep learning algorithms in network intrusion detection,"S Elsayed, K Mohamed, MA Madkour",2024,,https://ieeexplore.ieee.org/abstract/document/10500368/,journal-article,IEEE Access,"Direct extraction of current Google Scholar result pages using the reported concept groups with spaces as source-specific AND syntax; current Scholar rank, not the historical rank; Scholar cluster 715253097737006017; cited-by count displayed 112",a comparative study of using deep learning algorithms in network intrusion detection,,,,no_automatic_match,,not_a_duplicate_candidate,,,not_required
GS056,57,Optimizing intrusion detection using a hybrid CNN LSTM deep learning framework on the NSL KDD dataset,"V Jain, K Singh, S Joshi, L Malviya, R Patel, V Gupta…",2026,10.1007/s10791-026-10056-6,https://link.springer.com/article/10.1007/s10791-026-10056-6,journal-article,Discover…,"Direct extraction of current Google Scholar result pages using the reported concept groups with spaces as source-specific AND syntax; current Scholar rank, not the historical rank; Scholar cluster 11969061176425851796; cited-by count displayed 1; verified publisher date 2026-04-03",optimizing intrusion detection using a hybrid cnn lstm deep learning framework on the nsl kdd dataset,,,,no_automatic_match,,not_a_duplicate_candidate,,,not_required
GS058,59,An extensive review of machine learning and deep learning techniques on network intrusion detection for IoT,"S Walling, S Lodh",2025,10.1002/ett.70064,https://onlinelibrary.wiley.com/doi/abs/10.1002/ett.70064,journal-article,Transactions on Emerging…,"Direct extraction of current Google Scholar result pages using the reported concept groups with spaces as source-specific AND syntax; current Scholar rank, not the historical rank; Scholar cluster 818316620079436202; cited-by count displayed 44",an extensive review of machine learning and deep learning techniques on network intrusion detection for iot,,,,no_automatic_match,,not_a_duplicate_candidate,,,not_required
GS059,60,K-GetNID: Knowledge-guided graphs for early and transferable network intrusion detection,"M Wang, N Yang, N Weng",2024,,https://ieeexplore.ieee.org/abstract/document/10605850/,journal-article,IEEE Transactions on Information…,"Direct extraction of current Google Scholar result pages using the reported concept groups with spaces as source-specific AND syntax; current Scholar rank, not the historical rank; Scholar cluster 1414718790185371050; cited-by count displayed 20",k getnid knowledge guided graphs for early and transferable network intrusion detection,,,,no_automatic_match,,not_a_duplicate_candidate,,,not_required
GS062,63,Network Intrusion Detection using Combined Deep Learning Models: Literature Survey and Future Research Directions.,"H KAMAL IDRISSI, A KARTIT",2024,,https://www.iaeng.org/IJCS/issues_v51/issue_8/IJCS_51_8_06.pdf,journal-article,IAENG International Journal of Computer…,"Direct extraction of current Google Scholar result pages using the reported concept groups with spaces as source-specific AND syntax; current Scholar rank, not the historical rank; Scholar cluster 16374681555339422701; cited-by count displayed 9",network intrusion detection using combined deep learning models literature survey and future research directions,,,,no_automatic_match,,not_a_duplicate_candidate,,,not_required
GS063,64,Enhanced network anomaly detection using autoencoders: A deep learning approach for proactive cybersecurity,"J Simon, N Kapileswar, R Vani…",2024,,https://ieeexplore.ieee.org/abstract/document/10696845/,journal-article,…on Intelligent Cyber…,"Direct extraction of current Google Scholar result pages using the reported concept groups with spaces as source-specific AND syntax; current Scholar rank, not the historical rank; Scholar cluster 17523533899843221690; cited-by count displayed 18",enhanced network anomaly detection using autoencoders a deep learning approach for proactive cybersecurity,,,,no_automatic_match,,not_a_duplicate_candidate,,,not_required
GS064,65,A synergistic approach in network intrusion detection by neurosymbolic ai,"A Bizzarri, CE Yu, B Jalaian, F Riguzzi…",2024,10.48550/arXiv.2406.00938,https://arxiv.org/abs/2406.00938,posted-content,arXiv preprint arXiv…,"Direct extraction of current Google Scholar result pages using the reported concept groups with spaces as source-specific AND syntax; current Scholar rank, not the historical rank; Scholar cluster 17425358335940674440; cited-by count displayed 19",a synergistic approach in network intrusion detection by neurosymbolic ai,,,,no_automatic_match,,not_a_duplicate_candidate,,,not_required
GS065,66,Explainable AI Meets Synthetic Data: A Deep Learning Framework for Detecting Network Intrusion in NextG Network Infrastructure,"MJ Hossain, K Alam, MF Monir, MM Hoque…",2025,,https://ieeexplore.ieee.org/abstract/document/11069291/,journal-article,IEEE…,"Direct extraction of current Google Scholar result pages using the reported concept groups with spaces as source-specific AND syntax; current Scholar rank, not the historical rank; Scholar cluster 12544083577893452014; cited-by count displayed 13",explainable ai meets synthetic data a deep learning framework for detecting network intrusion in nextg network infrastructure,,,,no_automatic_match,,not_a_duplicate_candidate,,,not_required
GS068,70,"[C]The rise of ai-driven network intrusion detection systems: Innovations, challenges, and future directions",MSRS Raja,2025,,,journal-article,"International Journal of AI, BigData, Computational and…","Direct extraction of current Google Scholar result pages using the reported concept groups with spaces as source-specific AND syntax; current Scholar rank, not the historical rank; Scholar cluster 10953576351119114514; cited-by count displayed 17",c the rise of ai driven network intrusion detection systems innovations challenges and future directions,,,,no_automatic_match,,not_a_duplicate_candidate,,,not_required
GS069,71,Deep learning -based network intrusion detection in smart healthcare enterprise systems,V Ravi,2024,10.1007/s11042-023-17300-x,https://link.springer.com/article/10.1007/s11042-023-17300-x,journal-article,Multimedia Tools and Applications,"Direct extraction of current Google Scholar result pages using the reported concept groups with spaces as source-specific AND syntax; current Scholar rank, not the historical rank; Scholar cluster 7360787012530155981; cited-by count displayed 26",deep learning based network intrusion detection in smart healthcare enterprise systems,,,,no_automatic_match,,not_a_duplicate_candidate,,,not_required
GS071,73,Elevated few-shot network intrusion detection via self-attention mechanisms and iterative refinement,"C Xu, Y Zhan, G Chen, Z Wang, S Liu, W Hu",2025,10.1371/journal.pone.0317713,https://journals.plos.org/plosone/article?id=10.1371/journal.pone.0317713,journal-article,PloS one,"Direct extraction of current Google Scholar result pages using the reported concept groups with spaces as source-specific AND syntax; current Scholar rank, not the historical rank; Scholar cluster 15338413723978426721; cited-by count displayed 19",elevated few shot network intrusion detection via self attention mechanisms and iterative refinement,,,,no_automatic_match,,not_a_duplicate_candidate,,,not_required
GS072,74,Copula entropy regularization transformer with C2 variational autoencoder and fine-tuned hybrid DL model for network intrusion detection,"S Akkepalli, K Sagar",2025,,https://www.sciencedirect.com/science/article/pii/S2772503024000689,journal-article,Telematics and Informatics Reports,"Direct extraction of current Google Scholar result pages using the reported concept groups with spaces as source-specific AND syntax; current Scholar rank, not the historical rank; Scholar cluster 12679476120030371522; cited-by count displayed 10",copula entropy regularization transformer with c2 variational autoencoder and fine tuned hybrid dl model for network intrusion detection,,,,no_automatic_match,,not_a_duplicate_candidate,,,not_required
GS073,75,A Hybrid Deep Learning Framework for Efficient Network Intrusion Detection Systems using Data Augmentation,"PS Muller, K Madhavi, B Prasanthi…",2025,,https://ieeexplore.ieee.org/abstract/document/10968940/,journal-article,,"Direct extraction of current Google Scholar result pages using the reported concept groups with spaces as source-specific AND syntax; current Scholar rank, not the historical rank; Scholar cluster 15296075641898356286; cited-by count displayed 7",a hybrid deep learning framework for efficient network intrusion detection systems using data augmentation,,,,no_automatic_match,,not_a_duplicate_candidate,,,not_required
GS074,76,Resilient Wireless Communications with Selective Deep Neural Network Classification,"AQMS Sayyed, J Ashdown, M De Lucia…",2025,,https://ieeexplore.ieee.org/abstract/document/11310295/,proceedings-article,MILCOM 2025-2025…,"Direct extraction of current Google Scholar result pages using the reported concept groups with spaces as source-specific AND syntax; current Scholar rank, not the historical rank; Scholar cluster 5990353894902874176; cited-by count displayed 2",resilient wireless communications with selective deep neural network classification,,,,no_automatic_match,,not_a_duplicate_candidate,,,not_required
GS075,77,Enhanced anomaly network intrusion detection using an improved snow ablation optimizer with dimensionality reduction and hybrid deep learning model,"F Alhayan, A Alshuhail, AOA Ismail, O Alrusaini…",2025,10.1038/s41598-025-97398-1,https://www.nature.com/articles/s41598-025-97398-1,journal-article,Scientific Reports,"Direct extraction of current Google Scholar result pages using the reported concept groups with spaces as source-specific AND syntax; current Scholar rank, not the historical rank; Scholar cluster 11030179139228780551; cited-by count displayed 22",enhanced anomaly network intrusion detection using an improved snow ablation optimizer with dimensionality reduction and hybrid deep learning model,,,,no_automatic_match,,not_a_duplicate_candidate,,,not_required
GS076,78,A novel contrastive loss for zero -day network intrusion detection,"J Wilkie, H Hindy, C Michie, C Tachtatzis…",2026,10.1109/tnsm.2026.3652529,https://ieeexplore.ieee.org/abstract/document/11340750/,journal-article,…on Network and…,"Direct extraction of current Google Scholar result pages using the reported concept groups with spaces as source-specific AND syntax; current Scholar rank, not the historical rank; Scholar cluster 11035474008649450350; cited-by count displayed 4; verified IEEE publication date 2026-01-12",a novel contrastive loss for zero day network intrusion detection,,,,no_automatic_match,,not_a_duplicate_candidate,,,not_required
GS077,79,Enhancing adversarial robustness in network intrusion detection : A novel adversarially trained neural network approach,"H Vahid, N Kofi",2025,,https://search.proquest.com/openview/9bf0e8df9a87b9fd57ec42dde4b7fceb/1?pq-origsite=gscholar&cbl=2032404,journal-article,Electronics,"Direct extraction of current Google Scholar result pages using the reported concept groups with spaces as source-specific AND syntax; current Scholar rank, not the historical rank; Scholar cluster 16654136088451588766; cited-by count displayed 23",enhancing adversarial robustness in network intrusion detection a novel adversarially trained neural network approach,,,,no_automatic_match,,not_a_duplicate_candidate,,,not_required
GS078,80,Multi-objective evolutionary neural architecture search for network intrusion detection,"Q Lin, Z Liu, Y Yang, KC Wong, Y Lu, J Li",2024,10.1016/j.swevo.2024.101702,https://www.sciencedirect.com/science/article/pii/S2210650224002402,journal-article,Swarm and Evolutionary…,"Direct extraction of current Google Scholar result pages using the reported concept groups with spaces as source-specific AND syntax; current Scholar rank, not the historical rank; Scholar cluster 3266693185796860622; cited-by count displayed 25; DOI verified from official publisher metadata",multi objective evolutionary neural architecture search for network intrusion detection,DOI_DUP_009,TITLE_DUP_018,,candidate_duplicate,exact DOI candidate with GS079 | normalized-title candidate with GS079,retain_preferred_version,DRG022,GS079,author_confirmed_consensus
GS080,82,Bi-GAN-LDA for cybersecurity: A hybrid deep learning framework for advanced network anomaly detection,"P Singh, P Pranav, S Dutta",2025,10.1088/2631-8695/add4c8/meta,https://iopscience.iop.org/article/10.1088/2631-8695/add4c8/meta,journal-article,Engineering Research Express,"Direct extraction of current Google Scholar result pages using the reported concept groups with spaces as source-specific AND syntax; current Scholar rank, not the historical rank; Scholar cluster 9641259890596222986; cited-by count displayed 7",bi gan lda for cybersecurity a hybrid deep learning framework for advanced network anomaly detection,,,,no_automatic_match,,not_a_duplicate_candidate,,,not_required
GS081,83,Deep learning -based network anomaly detection and classification in an imbalanced cloud environment,"AD Vibhute, V Nakum",2024,,https://www.sciencedirect.com/science/article/pii/S1877050924001625,journal-article,Procedia Computer Science,"Direct extraction of current Google Scholar result pages using the reported concept groups with spaces as source-specific AND syntax; current Scholar rank, not the historical rank; Scholar cluster 8593291418699137340; cited-by count displayed 47",deep learning based network anomaly detection and classification in an imbalanced cloud environment,,,,no_automatic_match,,not_a_duplicate_candidate,,,not_required
GS082,84,Network Intrusion Detection System Using Convolutional Neural Network and Random Forest Classifiers,"VL Rismawan, ER Pramudya",2025,,https://jurnal.polbeng.ac.id/index.php/ISI/article/view/476/211,journal-article,INOVTEK Polbeng-Seri…,"Direct extraction of current Google Scholar result pages using the reported concept groups with spaces as source-specific AND syntax; current Scholar rank, not the historical rank; Scholar cluster 16768212852940519221; cited-by count displayed 4",network intrusion detection system using convolutional neural network and random forest classifiers,,,,no_automatic_match,,not_a_duplicate_candidate,,,not_required
GS083,85,Real-Time Network Intrusion Detection System Using Deep Learning : Identifying Cyber Attacks Through Anomaly Pattern Recognition,R Chandra,2025,,https://www.jsrtjournal.com/index.php/JSRT/article/view/388,journal-article,Journal of Scientific Research and Technology,"Direct extraction of current Google Scholar result pages using the reported concept groups with spaces as source-specific AND syntax; current Scholar rank, not the historical rank; cited-by count displayed 0",real time network intrusion detection system using deep learning identifying cyber attacks through anomaly pattern recognition,,,,no_automatic_match,,not_a_duplicate_candidate,,,not_required
GS084,86,Deep learning based network intrusion detection for unmanned aerial vehicle (uav),"W Ahmad, MA Almaiah, A Ali…",2024,,https://ieeexplore.ieee.org/abstract/document/10541665/,journal-article,,"Direct extraction of current Google Scholar result pages using the reported concept groups with spaces as source-specific AND syntax; current Scholar rank, not the historical rank; Scholar cluster 17338449946435544657; cited-by count displayed 28",deep learning based network intrusion detection for unmanned aerial vehicle uav,,,,no_automatic_match,,not_a_duplicate_candidate,,,not_required
GS085,87,GDLC: A new Graph Deep Learning framework based on centrality measures for intrusion detection in IoT networks,"M Termos, Z Ghalmane, A Fadlallah, A Jaber, M Zghal",2024,,https://www.sciencedirect.com/science/article/pii/S2542660524001550,journal-article,Internet of Things,"Direct extraction of current Google Scholar result pages using the reported concept groups with spaces as source-specific AND syntax; current Scholar rank, not the historical rank; Scholar cluster 1546416023216136133; cited-by count displayed 32",gdlc a new graph deep learning framework based on centrality measures for intrusion detection in iot networks,,,,no_automatic_match,,not_a_duplicate_candidate,,,not_required
GS086,88,Addressing modern cybersecurity challenges: A hybrid machine learning and deep learning approach for network intrusion detection,"K Bouzaachane, AM Alnajim, S Khan",2025,,https://www.sciencedirect.com/org/science/article/pii/S1546221825006083,journal-article,"Computers, Materials and…","Direct extraction of current Google Scholar result pages using the reported concept groups with spaces as source-specific AND syntax; current Scholar rank, not the historical rank; Scholar cluster 17294395339994296824; cited-by count displayed 8",addressing modern cybersecurity challenges a hybrid machine learning and deep learning approach for network intrusion detection,,,,no_automatic_match,,not_a_duplicate_candidate,,,not_required
GS088,90,A comparison of neural -network -based intrusion detection against signature-based detection in IoT networks,"M Schrötter, A Niemann, B Schnor",2024,,https://www.mdpi.com/2078-2489/15/3/164,journal-article,Information,"Direct extraction of current Google Scholar result pages using the reported concept groups with spaces as source-specific AND syntax; current Scholar rank, not the historical rank; Scholar cluster 8531140397025210171; cited-by count displayed 28",a comparison of neural network based intrusion detection against signature based detection in iot networks,,,,no_automatic_match,,not_a_duplicate_candidate,,,not_required
GS089,91,Comprehensive review of advanced machine learning techniques for detecting and mitigating zero -day exploits,"N Mohamed, H Taherdoost…",2025,,https://pdfs.semanticscholar.org/ba1c/f8dd51d3827c1cbec818b45a4c28746a939a.pdf,journal-article,EAI Endorsed…,"Direct extraction of current Google Scholar result pages using the reported concept groups with spaces as source-specific AND syntax; current Scholar rank, not the historical rank; Scholar cluster 809928615032834808; cited-by count displayed 22",comprehensive review of advanced machine learning techniques for detecting and mitigating zero day exploits,,,,no_automatic_match,,not_a_duplicate_candidate,,,not_required
GS090,92,Network intrusion detection and mitigation in SDN using deep learning models,"M Maddu, YN Rao",2024,10.1007/s10207-023-00771-2,https://link.springer.com/article/10.1007/s10207-023-00771-2,journal-article,International Journal of Information Security,"Direct extraction of current Google Scholar result pages using the reported concept groups with spaces as source-specific AND syntax; current Scholar rank, not the historical rank; Scholar cluster 6055376109211017382; cited-by count displayed 64",network intrusion detection and mitigation in sdn using deep learning models,,,,no_automatic_match,,not_a_duplicate_candidate,,,not_required
GS091,93,Deep learning -based anomaly detection and log analysis for computer networks,"S Wang, R Jiang, Z Wang, Y Zhou",2024,10.48550/arXiv.2407.05639,https://arxiv.org/abs/2407.05639,posted-content,arXiv preprint arXiv:2407.05639,"Direct extraction of current Google Scholar result pages using the reported concept groups with spaces as source-specific AND syntax; current Scholar rank, not the historical rank; Scholar cluster 16722532903699670498; cited-by count displayed 85",deep learning based anomaly detection and log analysis for computer networks,,,,no_automatic_match,,not_a_duplicate_candidate,,,not_required
GS092,94,XMF-GNN: A cross-modality dynamic fusion heterogeneous graph neural network for network intrusion detection,"Z Ma, Y Liu, Y Chen, Z Liu, Y Li",2025,,https://www.sciencedirect.com/science/article/pii/S0925231225019575,journal-article,Neurocomputing,"Direct extraction of current Google Scholar result pages using the reported concept groups with spaces as source-specific AND syntax; current Scholar rank, not the historical rank; Scholar cluster 13436792063629210964; cited-by count displayed 16",xmf gnn a cross modality dynamic fusion heterogeneous graph neural network for network intrusion detection,,,,no_automatic_match,,not_a_duplicate_candidate,,,not_required
GS093,95,APSO-CNN-SE: An adaptive convolutional neural network approach for IoT intrusion detection,"Y Ban, D Zhang, Q He, Q Shen",2024,,https://www.sciencedirect.com/org/science/article/pii/S1546221824006921,journal-article,"Computers, Materials and Continua","Direct extraction of current Google Scholar result pages using the reported concept groups with spaces as source-specific AND syntax; current Scholar rank, not the historical rank; Scholar cluster 6813779267486066255; cited-by count displayed 13",apso cnn se an adaptive convolutional neural network approach for iot intrusion detection,,,,no_automatic_match,,not_a_duplicate_candidate,,,not_required
GS094,96,Current status and challenges and future trends of deep learning -based intrusion detection models,"Y Wu, B Zou, Y Cao",2024,,https://www.mdpi.com/2313-433X/10/10/254,journal-article,Journal of Imaging,"Direct extraction of current Google Scholar result pages using the reported concept groups with spaces as source-specific AND syntax; current Scholar rank, not the historical rank; Scholar cluster 7809625793608183084; cited-by count displayed 53",current status and challenges and future trends of deep learning based intrusion detection models,,,,no_automatic_match,,not_a_duplicate_candidate,,,not_required
GS095,97,Poisoning and evasion: Deep learning -based nids under adversarial attacks,"H Mohammadian, AH Lashkari…",2024,,https://ieeexplore.ieee.org/abstract/document/10788064/,journal-article,,"Direct extraction of current Google Scholar result pages using the reported concept groups with spaces as source-specific AND syntax; current Scholar rank, not the historical rank; Scholar cluster 5629295774881454283; cited-by count displayed 54",poisoning and evasion deep learning based nids under adversarial attacks,,,,no_automatic_match,,not_a_duplicate_candidate,,,not_required
GS096,98,[C]A comparative study of deep learning -based network intrusion detection system with explainable artificial intelligence.,"TJ Kai, LY Ong, MC Leow",2025,,,journal-article,International Journal of Electrical & Computer…,"Direct extraction of current Google Scholar result pages using the reported concept groups with spaces as source-specific AND syntax; current Scholar rank, not the historical rank; cited-by count displayed 0",c a comparative study of deep learning based network intrusion detection system with explainable artificial intelligence,,,,no_automatic_match,,not_a_duplicate_candidate,,,not_required
GS097,99,A survey of novel framework of anomaly-based intrusion detection systems in computer networks using ensemble feature integration with deep learning techniques,"S Akkepalli, SK",2024,10.1145/3651671.3651673,https://dl.acm.org/doi/abs/10.1145/3651671.3651673,proceedings-article,Proceedings of the,"Direct extraction of current Google Scholar result pages using the reported concept groups with spaces as source-specific AND syntax; current Scholar rank, not the historical rank; Scholar cluster 9383502504924365580; cited-by count displayed 9",a survey of novel framework of anomaly based intrusion detection systems in computer networks using ensemble feature integration with deep learning techniques,,,,no_automatic_match,,not_a_duplicate_candidate,,,not_required
GS098,100,Constraining adversarial attacks on network intrusion detection systems: transferability and defense analysis,"N Alhussien, A Aleroud, A Melhem…",2024,,https://ieeexplore.ieee.org/abstract/document/10411959/,journal-article,IEEE Transactions on…,"Direct extraction of current Google Scholar result pages using the reported concept groups with spaces as source-specific AND syntax; current Scholar rank, not the historical rank; Scholar cluster 6258734870561837550; cited-by count displayed 41",constraining adversarial attacks on network intrusion detection systems transferability and defense analysis,,,,no_automatic_match,,not_a_duplicate_candidate,,,not_required
GS099,101,Deep Learning -Based Intrusion Detection: A CNN-LSTM-Transformer Approach for Enhanced Network Security,"D Liu, X Zheng, P Wang, J Chuan, Y Lv…",2025,10.1145/3759179.3760451,https://dl.acm.org/doi/abs/10.1145/3759179.3760451,proceedings-article,Proceedings of the 10th…,"Direct extraction of current Google Scholar result pages using the reported concept groups with spaces as source-specific AND syntax; current Scholar rank, not the historical rank; Scholar cluster 10423645722493738863; cited-by count displayed 11",deep learning based intrusion detection a cnn lstm transformer approach for enhanced network security,,,,no_automatic_match,,not_a_duplicate_candidate,,,not_required
GS101,103,NIDS -β*: an explainable large language based framework for contextual intrusion resilience in network security,F Saidi,2026,10.3389/frai.2026.1746661,https://www.frontiersin.org/journals/artificial-intelligence/articles/10.3389/frai.2026.1746661/full,journal-article,Frontiers in Artificial Intelligence,"Direct extraction of current Google Scholar result pages using the reported concept groups with spaces as source-specific AND syntax; current Scholar rank, not the historical rank; Scholar cluster 17209602009369864061; cited-by count displayed 1; verified publisher date 2026-03-16",nids an explainable large language based framework for contextual intrusion resilience in network security,,,,no_automatic_match,,not_a_duplicate_candidate,,,not_required
GS102,104,Network intrusion detection system using random forest,"M Patidar, A Dave, D Vekariya…",2025,,https://ieeexplore.ieee.org/abstract/document/11115570/,journal-article,…on Computing for…,"Direct extraction of current Google Scholar result pages using the reported concept groups with spaces as source-specific AND syntax; current Scholar rank, not the historical rank; Scholar cluster 17621321186625829177; cited-by count displayed 13",network intrusion detection system using random forest,,,,no_automatic_match,,not_a_duplicate_candidate,,,not_required
GS103,105,MMCo: using multimodal deep learning to detect malicious traffic with noisy labels,"Q Yuan, G Gou, Y Zhu, Y Wang",2024,10.1007/s11704-023-2386-4,https://journal.hep.com.cn/fcs/EN/10.1007/s11704-023-2386-4,journal-article,Frontiers of Computer Science,"Direct extraction of current Google Scholar result pages using the reported concept groups with spaces as source-specific AND syntax; current Scholar rank, not the historical rank; Scholar cluster 8079525159113964752; cited-by count displayed 13",mmco using multimodal deep learning to detect malicious traffic with noisy labels,,,,no_automatic_match,,not_a_duplicate_candidate,,,not_required
GS104,106,RETRACTED ARTICLE: Deep learning based network intrusion detection system: a systematic literature review and future scopes,"Yogesh, LM Goyal",2024,10.1007/s10207-024-00896-y,https://link.springer.com/article/10.1007/s10207-024-00896-y,journal-article,International Journal of Information Security,"Direct extraction of current Google Scholar result pages using the reported concept groups with spaces as source-specific AND syntax; current Scholar rank, not the historical rank; Scholar cluster 6569170163652759095; cited-by count displayed 13",retracted article deep learning based network intrusion detection system a systematic literature review and future scopes,,,,no_automatic_match,,not_a_duplicate_candidate,,,not_required
GS105,108,Stochastic Multimodal Transformer with Uncertainty Quantification for Robust Network Intrusion Detection,"RN Anaedevha, AG Trofimov",2025,10.1007/978-3-032-07690-8_35,https://link.springer.com/chapter/10.1007/978-3-032-07690-8_35,book-chapter,International Conference on…,"Direct extraction of current Google Scholar result pages using the reported concept groups with spaces as source-specific AND syntax; current Scholar rank, not the historical rank; Scholar cluster 9932317135251379311; cited-by count displayed 6",stochastic multimodal transformer with uncertainty quantification for robust network intrusion detection,,,,no_automatic_match,,not_a_duplicate_candidate,,,not_required
GS106,109,Efficient deep neural network for intrusion detection using CIC-IDS-2017 dataset,G Bandarupalli,2025,10.1109/ce2ct64011.2025.10940012,https://ieeexplore.ieee.org/abstract/document/10940012/,proceedings-article,…First International Conference on Advances in…,"Direct extraction of current Google Scholar result pages using the reported concept groups with spaces as source-specific AND syntax; current Scholar rank, not the historical rank; Scholar cluster 16298754338862447432; cited-by count displayed 20; DOI verified from official publisher metadata",efficient deep neural network for intrusion detection using cic ids 2017 dataset,DOI_DUP_015,TITLE_DUP_015,VERSION_DUP_001,candidate_duplicate,exact DOI candidate with GS108 | normalized-title candidate with GS108; CR005,retain_preferred_version,DRG001,CR005; GS108,author_confirmed_consensus
GS107,110,varmax: Towards confidence-based zero -day attack recognition,"G Baye, P Silva, A Broggi, ND Bastian…",2024,10.1109/milcom61039.2024.10773707,https://ieeexplore.ieee.org/abstract/document/10773707/,proceedings-article,MILCOM 2024-2024…,"Direct extraction of current Google Scholar result pages using the reported concept groups with spaces as source-specific AND syntax; current Scholar rank, not the historical rank; Scholar cluster 10013022618337144350; cited-by count displayed 12",varmax towards confidence based zero day attack recognition,DOI_DUP_016,TITLE_DUP_023,,candidate_duplicate,exact DOI candidate with GS109 | normalized-title candidate with GS109,retain_preferred_version,DRG025,GS109,author_confirmed_consensus
CR001,1,Zt-Nids: Zero Trust - Network Intrusion Detection System Validation Based on Attack Simulations,Abeer Alalmaie; Priyadarsi Nanda; Xiangjian He,2024,10.2139/ssrn.4762072,https://doi.org/10.2139/ssrn.4762072,posted-content,,Live Crossref record with strict availability audit; current API rank 1; Crossref publication date 2024; not the historical record list,zt nids zero trust network intrusion detection system validation based on attack simulations,,,,no_automatic_match,,not_a_duplicate_candidate,,,not_required
CR002,2,Machine Learning-Based Network Intrusion Detection System (NIDS),Md Shariful Islam,2026,10.36227/techrxiv.176834492.21643927/v1,https://doi.org/10.36227/techrxiv.176834492.21643927/v1,posted-content,,Live Crossref record with strict availability audit; current API rank 2; Crossref publication date 2026-1-13; not the historical record list,machine learning based network intrusion detection system nids,,,,no_automatic_match,,not_a_duplicate_candidate,,,not_required
CR003,3,Deep Continual Learning Framework for Zero-Day Network Intrusion Detection Under Concept Drift,DOMINIC  JOHN KAVOI; AQEEL SAHI; CHARLES  JUMAA KATILA,2026,10.2139/ssrn.6538249,https://doi.org/10.2139/ssrn.6538249,posted-content,,Live Crossref record with strict availability audit; current API rank 3; Crossref posted-content DOI creation date 2026-04-07; not the historical record list,deep continual learning framework for zero day network intrusion detection under concept drift,,,,no_automatic_match,,not_a_duplicate_candidate,,,not_required
CR004,4,Federated learning-based anomaly detection for zero-day attack prevention in 6G network slices,Iftikhar Rasheed; Hala Mostafa,2025,10.1016/j.comnet.2025.111376,https://doi.org/10.1016/j.comnet.2025.111376,journal-article,Computer Networks,Live Crossref record with strict availability audit; current API rank 4; Crossref publication date 2025-8; not the historical record list,federated learning based anomaly detection for zero day attack prevention in 6g network slices,,,,no_automatic_match,,not_a_duplicate_candidate,,,not_required
CR006,6,CS-NIDS: Network Intrusion Detection Based on Cross-Silo Federated Learning,Maged Abdelaty,2025,10.1109/iceeng64546.2025.11031351,https://doi.org/10.1109/iceeng64546.2025.11031351,proceedings-article,2025 15th International Conference on Electrical Engineering (ICEENG),Live Crossref record with strict availability audit; current API rank 6; Crossref publication date 2025-5-12; not the historical record list,cs nids network intrusion detection based on cross silo federated learning,,,,no_automatic_match,,not_a_duplicate_candidate,,,not_required
CR007,7,Neural Network Ensembles Combined with Statistical Models for Enhanced Encryption Algorithms,Shobana D; W .Nancy; P.R Therasa,2025,10.71443/9788197933608-06,https://doi.org/10.71443/9788197933608-06,book-chapter,"Hybrid Machine Learning Techniques for Data Encryption, Anomaly Detection, and Zero-Day Attack Prevention",Live Crossref record with strict availability audit; current API rank 7; Crossref publication date 2025-2-17; not the historical record list,neural network ensembles combined with statistical models for enhanced encryption algorithms,,,,no_automatic_match,,not_a_duplicate_candidate,,,not_required
CR008,8,Scalable and Generalizable Cross-Domain Invariant Network Analysis and Intrusion Detection System Using Deep Learning,George Thamer Francis; Abdulrahman Gashut; Mohanad Alayedi; Malek Malkawi,2026,10.1109/ojcoms.2026.3677692,https://doi.org/10.1109/ojcoms.2026.3677692,journal-article,IEEE Open Journal of the Communications Society,Live Crossref record with strict availability audit; current API rank 8; official IEEE publication date 2026-03-25; not the historical record list,scalable and generalizable cross domain invariant network analysis and intrusion detection system using deep learning,,,,no_automatic_match,,not_a_duplicate_candidate,,,not_required
CR009,10,Integrating intrinsic information: A novel open set domain adaptation network for cross-domain fault diagnosis with multiple unknown faults,Yuteng Zhang; Hongliang Zhang; Bin Chen; Jinde Zheng; Haiyang Pan,2024,10.1016/j.knosys.2024.112100,https://doi.org/10.1016/j.knosys.2024.112100,journal-article,Knowledge-Based Systems,Live Crossref record with strict availability audit; current API rank 10; Crossref publication date 2024-9; not the historical record list,integrating intrinsic information a novel open set domain adaptation network for cross domain fault diagnosis with multiple unknown faults,,,,no_automatic_match,,not_a_duplicate_candidate,,,not_required
CR010,11,ResNet50-based deep convolutional neural network for zero-day attack prediction and detection,,2025,10.19101/ijatee.2024.111100055,https://doi.org/10.19101/ijatee.2024.111100055,journal-article,International Journal of Advanced Technology and Engineering Exploration,Live Crossref record with strict availability audit; current API rank 11; Crossref publication date 2025-3-31; not the historical record list,resnet50 based deep convolutional neural network for zero day attack prediction and detection,,,,no_automatic_match,,not_a_duplicate_candidate,,,not_required
CR011,12,Application of Transfer Learning in Multi-Domain Hybrid Cybersecurity Solutions,Shobana D,2025,10.71443/9788197933608-15,https://doi.org/10.71443/9788197933608-15,book-chapter,"Hybrid Machine Learning Techniques for Data Encryption, Anomaly Detection, and Zero-Day Attack Prevention",Live Crossref record with strict availability audit; current API rank 12; Crossref publication date 2025-2-17; not the historical record list,application of transfer learning in multi domain hybrid cybersecurity solutions,,,,no_automatic_match,,not_a_duplicate_candidate,,,not_required
CR012,13,A Deep Learning-Based Intrusion Detection Model Integrating Convolutional Neural Network and Vision Transformer for Network Traffic Attack in the Internet of Things,Chunlai Du; Yanhui Guo; Yuhang Zhang,2024,10.3390/electronics13142685,https://doi.org/10.3390/electronics13142685,journal-article,Electronics,Live Crossref record with strict availability audit; current API rank 13; Crossref publication date 2024-7-9; not the historical record list,a deep learning based intrusion detection model integrating convolutional neural network and vision transformer for network traffic attack in the internet of things,,,,no_automatic_match,,not_a_duplicate_candidate,,,not_required
CR013,14,ResTN: Residual Transfer Network for Cross Domain Network Intrusion Detection,Wei Huang; Yong Wang; Zhen Wang,2025,10.1109/icsp65755.2025.11086791,https://doi.org/10.1109/icsp65755.2025.11086791,proceedings-article,2025 10th International Conference on Intelligent Computing and Signal Processing (ICSP),Live Crossref record with strict availability audit; current API rank 14; Crossref publication date 2025-5-16; not the historical record list,restn residual transfer network for cross domain network intrusion detection,,,,no_automatic_match,,not_a_duplicate_candidate,,,not_required
CR014,15,A Domain Adaptation Network Intrusion Detection Algorithm based on Class-Balanced Knowledge Transferand Multi-Structure Domain Alignment,Qian Wang; Xiang Liu; Yifan Cheng; Yongqiang Cheng; Bing Zhang,2025,10.21203/rs.3.rs-6852869/v1,https://doi.org/10.21203/rs.3.rs-6852869/v1,posted-content,,Live Crossref record with strict availability audit; current API rank 15; Crossref publication date 2025-6-30; not the historical record list,a domain adaptation network intrusion detection algorithm based on class balanced knowledge transferand multi structure domain alignment,,,,no_automatic_match,,not_a_duplicate_candidate,,,not_required
CR015,16,Anomaly Detection in Network Traffic via Cross-Domain Federated Graph Representation Learning,Yanli Zhao; Zongduo Liu; Junjie Pang,2025,10.3390/app15116258,https://doi.org/10.3390/app15116258,journal-article,Applied Sciences,Live Crossref record with strict availability audit; current API rank 16; Crossref publication date 2025-6-2; not the historical record list,anomaly detection in network traffic via cross domain federated graph representation learning,,,,no_automatic_match,,not_a_duplicate_candidate,,,not_required
CR016,17,Neural Network Based Zero-Day-Attack Detection: A Machine Learning Approach to Enhancing Cybersecurity,Abhijeet Sharma; Akash Nigam; Jatin Chaudhary; Sonal Shukla,2024,10.2139/ssrn.4848658,https://doi.org/10.2139/ssrn.4848658,journal-article,SSRN Electronic Journal,Live Crossref record with strict availability audit; current API rank 17; Crossref publication date 2024; not the historical record list,neural network based zero day attack detection a machine learning approach to enhancing cybersecurity,,,,no_automatic_match,,not_a_duplicate_candidate,,,not_required
CR017,18,Hybrid Supervised and Unsupervised Learning Models for Identifying Network Anomalies,D Kanchana; Hubert Mary L; A Thilagavathy,2025,10.71443/9788197933608-04,https://doi.org/10.71443/9788197933608-04,book-chapter,"Hybrid Machine Learning Techniques for Data Encryption, Anomaly Detection, and Zero-Day Attack Prevention",Live Crossref record with strict availability audit; current API rank 18; Crossref publication date 2025-2-17; not the historical record list,hybrid supervised and unsupervised learning models for identifying network anomalies,,,,no_automatic_match,,not_a_duplicate_candidate,,,not_required
CR018,20,Overcoming emergency HTTP/3 DDoS attack detection: A domain adaptation solution with graph neural network,Jie Yao; Li Tian; Ziyi Wei; Guozi Sun,2025,10.1016/j.comnet.2025.111611,https://doi.org/10.1016/j.comnet.2025.111611,journal-article,Computer Networks,Live Crossref record with strict availability audit; current API rank 20; Crossref publication date 2025-10; not the historical record list,overcoming emergency http 3 ddos attack detection a domain adaptation solution with graph neural network,,,,no_automatic_match,,not_a_duplicate_candidate,,,not_required
CR019,21,Privacy-Preserving Federated Network Intrusion Detection on Encrypted Traffic: A Multi-Site Cross-Domain Approach with XGBoost Optimization,Peter Oluwaseun Adepoju; Mohammed Al-Hubaishi,2025,10.1109/icmlant68509.2025.11394855,https://doi.org/10.1109/icmlant68509.2025.11394855,proceedings-article,2025 IEEE International Conference on Machine Learning and Applied Network Technologies (ICMLANT),Live Crossref record with strict availability audit; current API rank 21; Crossref publication date 2025-12-11; not the historical record list,privacy preserving federated network intrusion detection on encrypted traffic a multi site cross domain approach with xgboost optimization,,,,no_automatic_match,,not_a_duplicate_candidate,,,not_required
CR020,22,An innovative intrusion detection framework using GAN-augmented Deep Ensemble Neural Network for cross-domain IoT–cloud security,Sadia Nazim; Syed Shujaa Hussain; Bilal Yousuf; Saima Sultana; Eraj Tanweer,2025,10.1016/j.iot.2025.101773,https://doi.org/10.1016/j.iot.2025.101773,journal-article,Internet of Things,Live Crossref record with strict availability audit; current API rank 22; Crossref publication date 2025-11; not the historical record list,an innovative intrusion detection framework using gan augmented deep ensemble neural network for cross domain iot cloud security,,,,no_automatic_match,,not_a_duplicate_candidate,,,not_required
CR021,23,Causal Graph-Enhanced Deep Learning for Robust Anomaly Detection in Network Intrusion Detection Systems,Xiaoyan Yu,2025,10.1109/mlprae67267.2025.11290821,https://doi.org/10.1109/mlprae67267.2025.11290821,proceedings-article,"2025 2nd International Conference on Machine Learning, Pattern Recognition and Automation Engineering (MLPRAE)",Live Crossref record with strict availability audit; current API rank 23; Crossref publication date 2025-9-26; not the historical record list,causal graph enhanced deep learning for robust anomaly detection in network intrusion detection systems,DOI_DUP_017,TITLE_DUP_011,,candidate_duplicate,exact DOI candidate with GS110 | normalized-title candidate with GS110,retain_preferred_version,DRG003,GS110,author_confirmed_consensus
CR022,24,An Efficient Deep Learning Framwork for Classification and Detection of Anomaly Based Network Intrusion using NSL-KDD Dataset,Parth Mehrotra; Uttkarsh Dwivedi,2025,10.1109/icdt63985.2025.10986548,https://doi.org/10.1109/icdt63985.2025.10986548,proceedings-article,2025 3rd International Conference on Disruptive Technologies (ICDT),Live Crossref record with strict availability audit; current API rank 24; Crossref publication date 2025-3-7; not the historical record list,an efficient deep learning framwork for classification and detection of anomaly based network intrusion using nsl kdd dataset,,,,no_automatic_match,,not_a_duplicate_candidate,,,not_required
CR023,25,Application of Deep Learning-Based Intrusion Detection System (IDS) in Network Anomaly Traffic Detection,Fanyi Zhao; Hanzhe Li; Kaiyi Niu; Jiatu Shi; Runze Song,2024,10.20944/preprints202407.0595.v1,https://doi.org/10.20944/preprints202407.0595.v1,posted-content,,Live Crossref record with strict availability audit; current API rank 25; Crossref publication date 2024-7-8; not the historical record list,application of deep learning based intrusion detection system ids in network anomaly traffic detection,,,,no_automatic_match,,not_a_duplicate_candidate,,,not_required
CR025,28,Network Anomaly Detection Scheme Using Graph Neural Network,Patrice Kisanger,2024,10.32920/26883595,https://doi.org/10.32920/26883595,posted-content,,Live Crossref record with strict availability audit; current API rank 28; Crossref publication date 2024-9-5; not the historical record list,network anomaly detection scheme using graph neural network,,TITLE_DUP_019,,candidate_duplicate,normalized-title candidate with CR024,retain_preferred_version,DRG004,CR024,author_confirmed_consensus
CR026,,IDAC: Federated Learning-Based Intrusion Detection Using Autonomously Extracted Anomalies in IoT,"Ohtani, Takahiro and Yamamoto, Ryo and Ohzahata, Satoshi",2024,10.3390/s24103218,https://doi.org/10.3390/s24103218,journal-article,Sensors,Author-requested targeted corpus-alignment update using verified manuscript paper R33; updates the previous CR026 record at source rank 29; this row is not a native ranked result and is not a historical export,idac federated learning based intrusion detection using autonomously extracted anomalies in iot,,,,no_automatic_match,,not_a_duplicate_candidate,,,not_required
CR027,,Trustworthy Adaptive AI for Real-Time Intrusion Detection in Industrial IoT Security,"Al Rawajbeh, Mohammad and Maria Soosai, Amala Jayanthi and Ramasamy, Lakshmana Kumar and Khan, Firoz",2025,10.3390/iot6030053,https://doi.org/10.3390/iot6030053,journal-article,IoT,Author-requested targeted corpus-alignment update using verified manuscript paper R32; updates the previous CR027 record at source rank 30; this row is not a native ranked result and is not a historical export,trustworthy adaptive ai for real time intrusion detection in industrial iot security,,,,no_automatic_match,,not_a_duplicate_candidate,,,not_required
CR028,31,A deep learning/machine learning approach for anomaly based network intrusion detection,Reem Almuhanna; Samia Dardouri,2025,10.3389/frai.2025.1625891,https://doi.org/10.3389/frai.2025.1625891,journal-article,Frontiers in Artificial Intelligence,Live Crossref record with strict availability audit; current API rank 31; Crossref publication date 2025-9-9; not the historical record list,a deep learning machine learning approach for anomaly based network intrusion detection,DOI_DUP_021,TITLE_DUP_002,,candidate_duplicate,exact DOI candidate with GS057 | normalized-title candidate with GS057,retain_preferred_version,DRG005,GS057,author_confirmed_consensus
CR029,,Adaptive Semi-Supervised Algorithm for Intrusion Detection and Unknown Attack Identification,"Li, Meng and Luo, Lei and Xiao, Kun and Wang, Geng and Wang, Yintao",2025,10.3390/app15041709,https://doi.org/10.3390/app15041709,journal-article,Applied Sciences,Author-requested targeted corpus-alignment update using verified manuscript paper R30; updates the previous CR029 record at source rank 32; this row is not a native ranked result and is not a historical export,adaptive semi supervised algorithm for intrusion detection and unknown attack identification,,,,no_automatic_match,,not_a_duplicate_candidate,,,not_required
CR030,33,Adaptive Decision-Level Intrusion Detection for Known and Zero-Day Attacks,Joseph P. Mchina; Neema Mduma; Ramadhani S. Sinde,2026,10.3390/network6020023,https://doi.org/10.3390/network6020023,journal-article,Network,Live Crossref record with strict availability audit; current API rank 33; Crossref publication date 2026-4-9; not the historical record list,adaptive decision level intrusion detection for known and zero day attacks,DOI_DUP_022,TITLE_DUP_006,,candidate_duplicate,exact DOI candidate with GS060 | normalized-title candidate with GS060,retain_preferred_version,DRG006,GS060,author_confirmed_consensus
CR031,,Cross-Dataset Temporal and Semantic Generalization of Intrusion Detection Models for the Future Internet,"Elangovan, Rajesh and Parthasarathy, Durga Devi and Jawahar, M. and Kaliyaperumal, Prabu and Balusamy, Balamurugan and Yogarayan, Sumendra and Venkatesan, Vivek",2026,10.3390/fi18040194,https://doi.org/10.3390/fi18040194,journal-article,Future Internet,Author-requested targeted corpus-alignment update using verified manuscript paper R11; updates the previous CR031 record at source rank 34; this row is not a native ranked result and is not a historical export,cross dataset temporal and semantic generalization of intrusion detection models for the future internet,,,,no_automatic_match,,not_a_duplicate_candidate,,,not_required
CR032,,"FORT-IDS: a federated, optimized, robust and trustworthy intrusion detection system for IIoT security","Mazroa, Alanoud Al",2026,10.1038/s41598-025-31025-x,https://doi.org/10.1038/s41598-025-31025-x,journal-article,Scientific Reports,Author-requested targeted corpus-alignment update using verified manuscript paper R9; updates the previous CR032 record at source rank 35; this row is not a native ranked result and is not a historical export,fort ids a federated optimized robust and trustworthy intrusion detection system for iiot security,,,,no_automatic_match,,not_a_duplicate_candidate,,,not_required
CR033,,Unknown intrusion traffic detection method based on unsupervised learning and open-set recognition,"Fang, Jun and Xie, Cunxiang",2025,10.1038/s41598-025-01084-1,https://doi.org/10.1038/s41598-025-01084-1,journal-article,Scientific Reports,Author-requested targeted corpus-alignment update using verified manuscript paper R7; updates the previous CR033 record at source rank 36; this row is not a native ranked result and is not a historical export,unknown intrusion traffic detection method based on unsupervised learning and open set recognition,,,,no_automatic_match,,not_a_duplicate_candidate,,,not_required
CR034,37,NIDS-CBAD: detecting adversarial attacks in network intrusion detection systems using domain constraints,Vivek Kumar; Kamal Kumar; Maheep Singh,2024,10.1007/s13042-024-02506-8,https://doi.org/10.1007/s13042-024-02506-8,journal-article,International Journal of Machine Learning and Cybernetics,Live Crossref record with strict availability audit; current API rank 37; Crossref publication date 2024-12-28; not the historical record list,nids cbad detecting adversarial attacks in network intrusion detection systems using domain constraints,DOI_DUP_004,TITLE_DUP_021,,candidate_duplicate,exact DOI candidate with GS020 | normalized-title candidate with GS020,retain_preferred_version,DRG007,GS020,author_confirmed_consensus
CR035,,Dataset-centric evaluation of federated intrusion detection models in IoT networks,"Bilal, Muhammad Ahmad and Ul Islam, Ihtesham and Idrees, Sarmad and Qasim, Muhammad and Khan, Muhammad Junaid and Khan, Jaleed",2026,10.1038/s41598-025-32567-w,https://doi.org/10.1038/s41598-025-32567-w,journal-article,Scientific Reports,Author-requested targeted corpus-alignment update using verified manuscript paper R5; updates the previous CR035 record at source rank 38; this row is not a native ranked result and is not a historical export,dataset centric evaluation of federated intrusion detection models in iot networks,,,,no_automatic_match,,not_a_duplicate_candidate,,,not_required
CR036,39,An Evaluation of Open-Set Recognition-Enabled End-Layers on Deep-Learning Models in Network Intrusion Detection Systems,Gaspard Baye; Priscila Silva; Alexandre Broggi; Lance Fiondella; Nathaniel Bastian; Gokhan Kul,2024,10.2139/ssrn.4933825,https://doi.org/10.2139/ssrn.4933825,posted-content,,Live Crossref record with strict availability audit; current API rank 39; Crossref publication date 2024; not the historical record list,an evaluation of open set recognition enabled end layers on deep learning models in network intrusion detection systems,DOI_DUP_020,TITLE_DUP_010,,candidate_duplicate,exact DOI candidate with GS034 | normalized-title candidate with GS034,retain_preferred_version,DRG008,GS034,author_confirmed_consensus
CR037,,Enhancing trustworthiness in ML-based network intrusion detection with uncertainty quantification,"Talpini, Jacopo and Sartori, Fabio and Savi, Marco",2024,10.1007/s40860-024-00238-8,https://doi.org/10.1007/s40860-024-00238-8,journal-article,Journal of Reliable Intelligent Environments,Author-requested targeted corpus-alignment update using verified manuscript paper R2; updates the previous CR037 record at source rank 41; this row is not a native ranked result and is not a historical export,enhancing trustworthiness in ml based network intrusion detection with uncertainty quantification,,,,no_automatic_match,,not_a_duplicate_candidate,,,not_required
IX001,1,A Neuro-Symbolic Artificial Intelligence Network Intrusion Detection System,Alice Bizzarri; Brian Jalaian; Fabrizio Riguzzi; Nathaniel D. Bastian,2024,10.1109/icccn61486.2024.10637618,https://ieeexplore.ieee.org/document/10637618,proceedings-article,2024 33rd International Conference on Computer Communications and Networks (ICCCN),Current assisted retrieval from 4 official-domain searches; retrieval rank 1; Maximum relevance score 0.64799920; Crossref metadata date 2024-7-29; not a native database rank or the historical record list,a neuro symbolic artificial intelligence network intrusion detection system,,,,no_automatic_match,,not_a_duplicate_candidate,,,not_required
IX002,2,Adaptive Defense: Zero-Day Attack Detection in NIDS With Deep Reinforcement Learning,Khorshed Alam; Md Fahad Monir; Md Junayed Hossain; Mohammad Shorif Uddin; Md. Tarek Habib,2025,10.1109/access.2025.3585445,https://ieeexplore.ieee.org/document/11063272,journal-article,IEEE Access,Current assisted retrieval from 4 official-domain searches; retrieval rank 2; Maximum relevance score 0.64128816; Crossref metadata date 2025; not a native database rank or the historical record list,adaptive defense zero day attack detection in nids with deep reinforcement learning,DOI_DUP_012,TITLE_DUP_007,,candidate_duplicate,exact DOI candidate with GS052 | normalized-title candidate with GS052,retain_preferred_version,DRG018,GS052,author_confirmed_consensus
IX003,3,Machine Learning in Network Intrusion Detection: A Cross-Dataset Generalization Study,Marco Cantone; Claudio Marrocco; Alessandro Bria,2024,10.1109/access.2024.3472907,https://ieeexplore.ieee.org/document/10704637,journal-article,IEEE Access,Current assisted retrieval from 4 official-domain searches; retrieval rank 3; Maximum relevance score 0.58862966; Crossref metadata date 2024; not a native database rank or the historical record list,machine learning in network intrusion detection a cross dataset generalization study,DOI_DUP_010,TITLE_DUP_017,VERSION_DUP_002,candidate_duplicate,exact DOI candidate with GS017 | normalized-title candidate with GS017 | manual preprint-to-final version candidate with GS014,retain_preferred_version,DRG016,GS014; GS017,author_confirmed_consensus
IX004,4,"Meta: Toward a Unified, Multimodal Dataset for Network Intrusion Detection Systems",Syed Wali; Yasir Ali Farrukh; Irfan Khan; Nathaniel D. Bastian,2024,10.1109/ieeedata.2024.3482286,https://ieeexplore.ieee.org/document/10720901,journal-article,IEEE Data Descriptions,Current assisted retrieval from 4 official-domain searches; retrieval rank 4; Maximum relevance score 0.56143180; Crossref metadata date 2024; not a native database rank or the historical record list,meta toward a unified multimodal dataset for network intrusion detection systems,,,,no_automatic_match,,not_a_duplicate_candidate,,,not_required
IX005,5,Bayesian Neural Network Uncertainty Estimation for Detecting Adversarial Attacks on Network Intrusion Detection Systems,Kaustubh Bahl; Amit Praseed,2025,10.1109/ictest64710.2025.11042826,https://ieeexplore.ieee.org/document/11042826,proceedings-article,2025 2nd International Conference on Trends in Engineering Systems and Technologies (ICTEST),Current assisted retrieval from 4 official-domain searches; retrieval rank 5; Maximum relevance score 0.49436116; Crossref metadata date 2025-4-3; not a native database rank or the historical record list,bayesian neural network uncertainty estimation for detecting adversarial attacks on network intrusion detection systems,,,,no_automatic_match,,not_a_duplicate_candidate,,,not_required
IX006,6,Zero-Day Attack Detection in IoT Networks Using a Residual Vision Transformer-Based Approach With Zero-Shot Learning,Komcharn Nitrat; Nopparuj Suetrong; Natthanan Promsuk,2025,10.1109/ojcoms.2025.3604826,https://ieeexplore.ieee.org/document/11151630,journal-article,IEEE Open Journal of the Communications Society,Current assisted retrieval from 4 official-domain searches; retrieval rank 6; Maximum relevance score 0.47679950; Crossref metadata date 2025; not a native database rank or the historical record list,zero day attack detection in iot networks using a residual vision transformer based approach with zero shot learning,,,,no_automatic_match,,not_a_duplicate_candidate,,,not_required
IX007,7,Innovative Defense: Deep Learning-Powered Intrusion Detection for IoT Networks,Adel Binbusayyis,2025,10.1109/access.2025.3542275,https://ieeexplore.ieee.org/document/10887228,journal-article,IEEE Access,Current assisted retrieval from 4 official-domain searches; retrieval rank 7; Maximum relevance score 0.36745238; Crossref metadata date 2025; not a native database rank or the historical record list,innovative defense deep learning powered intrusion detection for iot networks,,,,no_automatic_match,,not_a_duplicate_candidate,,,not_required
IX008,8,A Hybrid Deep Learning Model for Network Intrusion Detection System Using Seq2Seq and ConvLSTM-Subnets,S. Hariharan; Y. Annie Jerusha; G. Suganeshwari; S. P. Syed Ibrahim; Uday Tupakula; Vijay Varadharajan,2025,10.1109/access.2025.3541399,https://ieeexplore.ieee.org/document/10883985,journal-article,IEEE Access,Current assisted retrieval from 4 official-domain searches; retrieval rank 8; Maximum relevance score 0.34773698; Crossref metadata date 2025; not a native database rank or the historical record list,a hybrid deep learning model for network intrusion detection system using seq2seq and convlstm subnets,DOI_DUP_011,TITLE_DUP_003,,candidate_duplicate,exact DOI candidate with GS087 | normalized-title candidate with GS087,retain_preferred_version,DRG023,GS087,author_confirmed_consensus
IX009,9,A Survey on the Applications of Deep Learning in Network Intrusion Detection Systems to Enhance Network Security,Fatima M. Anis; Maryam Alabdullatif; Sarah Aljbli; Mohammad Hammoudeh,2025,10.1109/access.2025.3624952,https://ieeexplore.ieee.org/document/11215731,journal-article,IEEE Access,Current assisted retrieval from 4 official-domain searches; retrieval rank 9; Maximum relevance score 0.34343034; Crossref metadata date 2025; not a native database rank or the historical record list,a survey on the applications of deep learning in network intrusion detection systems to enhance network security,DOI_DUP_014,TITLE_DUP_005,,candidate_duplicate,exact DOI candidate with GS011 | normalized-title candidate with GS011,retain_preferred_version,DRG014,GS011,author_confirmed_consensus
IX010,10,The Missing Link in Network Intrusion Detection: Taking AI/ML Research Efforts to Users,Katharina Dietz; Michael Mühlhauser; Jochen Kögel; Stephan Schwinger; Marleen Sichermann; Michael Seufert; Dominik Herrmann; Tobias Hoßfeld,2024,10.1109/access.2024.3406939,https://ieeexplore.ieee.org/document/10540566,journal-article,IEEE Access,Current assisted retrieval from 4 official-domain searches; retrieval rank 10; Maximum relevance score 0.31821015; Crossref metadata date 2024; not a native database rank or the historical record list,the missing link in network intrusion detection taking ai ml research efforts to users,,,,no_automatic_match,,not_a_duplicate_candidate,,,not_required
IX011,11,Deep Learning-Based Autonomous Anomaly Detection for Security in SDN-IoT Networks,Tharindu Lakshan Yasarathna; Madhusanka Liyanage; Nhien-An Le-Khac,2025,10.1109/ojcoms.2025.3610365,https://ieeexplore.ieee.org/document/11165121,journal-article,IEEE Open Journal of the Communications Society,Current assisted retrieval from 4 official-domain searches; retrieval rank 11; Maximum relevance score 0.30374262; Crossref metadata date 2025; not a native database rank or the historical record list,deep learning based autonomous anomaly detection for security in sdn iot networks,,,,no_automatic_match,,not_a_duplicate_candidate,,,not_required
IX012,,Few-Shot Class-Incremental Learning for Network Intrusion Detection Systems,"Di Monda, Davide and Montieri, Antonio and Persico, Valerio and Voria, Pasquale and De Ieso, Matteo and Pescapè, Antonio",2024,10.1109/ojcoms.2024.3481895,https://doi.org/10.1109/OJCOMS.2024.3481895,journal-article,IEEE Open Journal of the Communications Society,Author-requested targeted corpus-alignment update using verified manuscript paper R26; updates the previous IX012 record at source rank 12; this row is not a native ranked result and is not a historical export,few shot class incremental learning for network intrusion detection systems,,,,no_automatic_match,,not_a_duplicate_candidate,,,not_required
IX013,,A Cross-Domain Intrusion Detection Method Based on Nonlinear Augmented Explicit Features,"Yu, Xu and Lu, Yan and Jiang, Feng and Hu, Qiang and Du, Junwei and Gong, Dunwei",2025,10.1109/tnsm.2024.3444909,https://doi.org/10.1109/TNSM.2024.3444909,journal-article,IEEE Transactions on Network and Service Management,Author-requested targeted corpus-alignment update using verified manuscript paper R24; updates the previous IX013 record at source rank 13; this row is not a native ranked result and is not a historical export,a cross domain intrusion detection method based on nonlinear augmented explicit features,,,,no_automatic_match,,not_a_duplicate_candidate,,,not_required
IX014,,Toward Open-World Network Intrusion Detection via Open Recognition and Inspection,"Du, Lei and Chai, Yuhan and Jia, Yan and Fang, Binxing and Li, Hao and Gu, Zhaoquan",2025,10.1109/tifs.2025.3608666,https://doi.org/10.1109/TIFS.2025.3608666,journal-article,IEEE Transactions on Information Forensics and Security,Author-requested targeted corpus-alignment update using verified manuscript paper R20; updates the previous IX014 record at source rank 14; this row is not a native ranked result and is not a historical export,toward open world network intrusion detection via open recognition and inspection,,,,no_automatic_match,,not_a_duplicate_candidate,,,not_required
IX015,15,A Big Data Framework for Scalable and Cross-Dataset Capable Machine Learning in Network Intrusion Detection Systems,Vinicius M. de Oliveira; Henrique M. de Oliveira; Gabriel M. Santos; Jhonatan Geremias; Eduardo K. Viegas,2025,10.1109/access.2025.3589872,https://ieeexplore.ieee.org/document/11082153,journal-article,IEEE Access,Current assisted retrieval from 4 official-domain searches; retrieval rank 15; Maximum relevance score 0.27208483; Crossref metadata date 2025; not a native database rank or the historical record list,a big data framework for scalable and cross dataset capable machine learning in network intrusion detection systems,DOI_DUP_013,TITLE_DUP_001,,candidate_duplicate,exact DOI candidate with GS013 | normalized-title candidate with GS013,retain_preferred_version,DRG015,GS013,author_confirmed_consensus
IX016,,Class Incremental Learning for Network-Agnostic Intrusion Detection Systems,"Cerasuolo, Francesco and Bovenzi, Giampaolo and Montieri, Antonio and Pescapè, Antonio",2025,10.1109/rtsi64020.2025.11212335,https://doi.org/10.1109/RTSI64020.2025.11212335,proceedings-article,2025 IEEE 9th Forum on Research and Technologies for Society and Industry Innovation (RTSI),Author-requested targeted corpus-alignment update using verified manuscript paper R19; updates the previous IX016 record at source rank 16; this row is not a native ranked result and is not a historical export,class incremental learning for network agnostic intrusion detection systems,,,,no_automatic_match,,not_a_duplicate_candidate,,,not_required
IX017,,Calibrated Uncertainty Estimation for Trustworthy Deep IoT Attack Detection,"Pal, Biprodip and Islam, Md. Saiful and Liew, Alan Wee-Chung",2025,10.1109/tdsc.2025.3598350,https://doi.org/10.1109/TDSC.2025.3598350,journal-article,IEEE Transactions on Dependable and Secure Computing,Author-requested targeted corpus-alignment update using verified manuscript paper R17; updates the previous IX017 record at source rank 17; this row is not a native ranked result and is not a historical export,calibrated uncertainty estimation for trustworthy deep iot attack detection,,,,no_automatic_match,,not_a_duplicate_candidate,,,not_required
IX018,,Trustable Network Intrusion Detection System through Wisdomnet and Uncertainty Measures,"Vij, Abhinav and Tran, Hai-Anh and Tran, Truong X.",2024,10.1109/lcn60385.2024.10639737,https://doi.org/10.1109/LCN60385.2024.10639737,proceedings-article,2024 IEEE 49th Conference on Local Computer Networks (LCN),Author-requested targeted corpus-alignment update using verified manuscript paper R16; updates the previous IX018 record at source rank 18; this row is not a native ranked result and is not a historical export,trustable network intrusion detection system through wisdomnet and uncertainty measures,,,,no_automatic_match,,not_a_duplicate_candidate,,,not_required
ACM001,1,Multi-Stage Enhanced Zero Trust Intrusion Detection System for Unknown Attack Detection in Internet of Things and Traditional Networks,Malek Al-Zewairi; Sufyan Almajali; Moussa Ayyash; Mohamed Rahouti; Fernando Martinez; Nordine Quadar,2025,10.1145/3725216,https://dl.acm.org/doi/10.1145/3725216,journal-article,ACM Transactions on Privacy and Security,Current assisted retrieval from 2 official-domain searches; retrieval rank 1; Maximum relevance score 0.60414260; Crossref metadata date 2025-8-23; not a native database rank or the historical record list,multi stage enhanced zero trust intrusion detection system for unknown attack detection in internet of things and traditional networks,,,,no_automatic_match,,not_a_duplicate_candidate,,,not_required
ACM002,2,Adaptive Network Intrusion Detection Systems Against Performance Degradation via Model Agnostic Meta-Learning,Goktug Ekinci; Alexandre Broggi; Lance Fiondella; Nathaniel D. Bastian; Gokhan Kul,2024,10.1145/3689935.3690396,https://dl.acm.org/doi/10.1145/3689935.3690396,proceedings-article,Proceedings of the 11th ACM Workshop on Adaptive and Autonomous Cyber Defense,Current assisted retrieval from 2 official-domain searches; retrieval rank 2; Maximum relevance score 0.56460327; Crossref metadata date 2024-12-4; not a native database rank or the historical record list,adaptive network intrusion detection systems against performance degradation via model agnostic meta learning,DOI_DUP_019,TITLE_DUP_008,,candidate_duplicate,exact DOI candidate with GS070 | normalized-title candidate with GS070,retain_preferred_version,DRG002,GS070,author_confirmed_consensus
ACM003,3,LNNIDS: A Hybrid Liquid Neural Network based IDS for Known and Unknown IoT Attacks,Rakesh Kumar; Mayank Swarnkar; Manmeet Muskan,2025,10.1145/3771739,https://dl.acm.org/doi/10.1145/3771739,journal-article,ACM Transactions on Internet Technology,Current assisted retrieval from 2 official-domain searches; retrieval rank 3; Maximum relevance score 0.43338245; Crossref metadata date 2025-11-17; not a native database rank or the historical record list,lnnids a hybrid liquid neural network based ids for known and unknown iot attacks,,,,no_automatic_match,,not_a_duplicate_candidate,,,not_required
ACM004,4,GNN-IDS: Graph Neural Network based Intrusion Detection System,Zhenlu Sun; André M.H. Teixeira; Salman Toor,2024,10.1145/3664476.3664515,https://dl.acm.org/doi/10.1145/3664476.3664515,proceedings-article,"Proceedings of the 19th International Conference on Availability, Reliability and Security",Current assisted retrieval from 2 official-domain searches; retrieval rank 4; Maximum relevance score 0.42219550; Crossref metadata date 2024-7-30; not a native database rank or the historical record list,gnn ids graph neural network based intrusion detection system,,,,no_automatic_match,,not_a_duplicate_candidate,,,not_required
ACM005,5,FedNIDS: A Federated Learning Framework for Packet-Based Network Intrusion Detection System,Quoc H. Nguyen; Soumyadeep Hore; Ankit Shah; Trung Le; Nathaniel D. Bastian,2025,10.1145/3696012,https://dl.acm.org/doi/10.1145/3696012,journal-article,Digital Threats: Research and Practice,Current assisted retrieval from 2 official-domain searches; retrieval rank 5; Maximum relevance score 0.39641917; Crossref metadata date 2025-2-14; not a native database rank or the historical record list,fednids a federated learning framework for packet based network intrusion detection system,,,,no_automatic_match,,not_a_duplicate_candidate,,,not_required
ACM006,,Open Set Dandelion Network for IoT Intrusion Detection,"Wu, Jiashu and Dai, Hao and Kent, Kenneth B. and Yen, Jerome and Xu, Chengzhong and Wang, Yang",2024,10.1145/3639822,https://doi.org/10.1145/3639822,journal-article,ACM Transactions on Internet Technology,Author-requested targeted corpus-alignment update using verified manuscript paper R10; updates the previous ACM006 record at source rank 6; this row is not a native ranked result and is not a historical export,open set dandelion network for iot intrusion detection,,,,no_automatic_match,,not_a_duplicate_candidate,,,not_required
SD001,1,Wasserstein distance guided feature Tokenizer transformer domain adaptation for network intrusion detection,Hongpo Zhang; Zhaozhe Zhang; Haizhaoyang Huang; Hehe Yang,2025,10.1016/j.cose.2025.104562,https://www.sciencedirect.com/science/article/pii/S0167404825002512,journal-article,Computers & Security,Current assisted retrieval from 4 official-domain searches; retrieval rank 1; Maximum relevance score 0.78690180; Crossref metadata date 2025-10; not a native database rank or the historical record list,wasserstein distance guided feature tokenizer transformer domain adaptation for network intrusion detection,DOI_DUP_008,TITLE_DUP_024,,candidate_duplicate,exact DOI candidate with GS066 | normalized-title candidate with GS066,retain_preferred_version,DRG020,GS066,author_confirmed_consensus
SD002,2,AIS-NIDS: An intelligent and self-sustaining network intrusion detection system,Yasir Ali Farrukh; Syed Wali; Irfan Khan; Nathaniel D. Bastian,2024,10.1016/j.cose.2024.103982,https://www.sciencedirect.com/science/article/pii/S0167404824002876,journal-article,Computers & Security,Current assisted retrieval from 4 official-domain searches; retrieval rank 2; Maximum relevance score 0.56460327; Crossref metadata date 2024-9; not a native database rank or the historical record list,ais nids an intelligent and self sustaining network intrusion detection system,,,,no_automatic_match,,not_a_duplicate_candidate,,,not_required
SD003,3,A sequential deep learning framework for a robust and resilient network intrusion detection system,Soumyadeep Hore; Jalal Ghadermazi; Ankit Shah; Nathaniel D. Bastian,2024,10.1016/j.cose.2024.103928,https://www.sciencedirect.com/science/article/pii/S0167404824002311,journal-article,Computers & Security,Current assisted retrieval from 4 official-domain searches; retrieval rank 3; Maximum relevance score 0.50549350; Crossref metadata date 2024-9; not a native database rank or the historical record list,a sequential deep learning framework for a robust and resilient network intrusion detection system,DOI_DUP_007,TITLE_DUP_004,,candidate_duplicate,exact DOI candidate with GS002 | normalized-title candidate with GS002,retain_preferred_version,DRG009,GS002,author_confirmed_consensus
SD004,4,Deep learning-driven methods for network-based intrusion detection systems: A systematic review,Ramya Chinnasamy; Malliga Subramanian; Sathishkumar Veerappampalayam Easwaramoorthy; Jaehyuk Cho,2025,10.1016/j.icte.2025.01.005,https://www.sciencedirect.com/science/article/pii/S2405959525000050,journal-article,ICT Express,Current assisted retrieval from 4 official-domain searches; retrieval rank 4; Maximum relevance score 0.50051330; Crossref metadata date 2025-2; not a native database rank or the historical record list,deep learning driven methods for network based intrusion detection systems a systematic review,,,,no_automatic_match,,not_a_duplicate_candidate,,,not_required
SD005,5,Evaluating and enhancing intrusion detection systems in IoMT: The importance of domain-specific datasets,Jordi Doménech; Olga León; Muhammad Shuaib Siddiqui; Josep Pegueroles,2025,10.1016/j.iot.2025.101631,https://www.sciencedirect.com/science/article/pii/S2542660525001453,journal-article,Internet of Things,Current assisted retrieval from 4 official-domain searches; retrieval rank 5; Maximum relevance score 0.39529812; Crossref metadata date 2025-7; not a native database rank or the historical record list,evaluating and enhancing intrusion detection systems in iomt the importance of domain specific datasets,,,,no_automatic_match,,not_a_duplicate_candidate,,,not_required
SD006,6,Boosting Cybersecurity: A Zero-Day Attack Detection Approach Using Equilibrium Optimiser with Deep Learning Model,Mona Almofarreh; Amnah Alshahrani; Nouf Helal Alharbi; Ahmed Omer Ahmed; Hussain Alshahrani; Abdulrahman Alzahrani; Mohammed Mujib Alshahrani; Asma A. Alhashmi,2025,10.32604/cmes.2025.070545,https://www.sciencedirect.com/org/science/article/pii/S1526149225003959,journal-article,Computer Modeling in Engineering & Sciences,Current assisted retrieval from 4 official-domain searches; retrieval rank 6; Maximum relevance score 0.38637030; Crossref metadata date 2025; not a native database rank or the historical record list,boosting cybersecurity a zero day attack detection approach using equilibrium optimiser with deep learning model,,,,no_automatic_match,,not_a_duplicate_candidate,,,not_required
SD007,7,Exploring Graph Neural Networks for Robust Network Intrusion Detection,Sarika Saxena; Jyoti Grover; Sunita Singhal,2025,10.1016/j.procs.2025.04.618,https://www.sciencedirect.com/science/article/pii/S1877050925017223,journal-article,Procedia Computer Science,Current assisted retrieval from 4 official-domain searches; retrieval rank 7; Maximum relevance score 0.38525957; Crossref metadata date 2025; not a native database rank or the historical record list,exploring graph neural networks for robust network intrusion detection,,,,no_automatic_match,,not_a_duplicate_candidate,,,not_required
SD008,8,"Adaptable, incremental, and explainable network intrusion detection systems for internet of things",Francesco Cerasuolo; Giampaolo Bovenzi; Domenico Ciuonzo; Antonio Pescapè,2025,10.1016/j.engappai.2025.110143,https://www.sciencedirect.com/science/article/pii/S0952197625001435,journal-article,Engineering Applications of Artificial Intelligence,Current assisted retrieval from 4 official-domain searches; retrieval rank 8; Maximum relevance score 0.38463530; Crossref metadata date 2025-3; not a native database rank or the historical record list,adaptable incremental and explainable network intrusion detection systems for internet of things,,,,no_automatic_match,,not_a_duplicate_candidate,,,not_required
SD009,9,An active learning framework using deep Q-network for zero-day attack detection,Yali Wu; Yanghu Hu; Junhu Wang; Mengqi Feng; Ang Dong; Yanxi Yang,2024,10.1016/j.cose.2024.103713,https://www.sciencedirect.com/science/article/pii/S0167404824000142,journal-article,Computers & Security,Current assisted retrieval from 4 official-domain searches; retrieval rank 9; Maximum relevance score 0.35925227; Crossref metadata date 2024-4; not a native database rank or the historical record list,an active learning framework using deep q network for zero day attack detection,DOI_DUP_006,TITLE_DUP_009,,candidate_duplicate,exact DOI candidate with GS061 | normalized-title candidate with GS061,retain_preferred_version,DRG019,GS061,author_confirmed_consensus
SD010,10,Deep Q-learning intrusion detection system (DQ-IDS): A novel reinforcement learning approach for adaptive and self-learning cybersecurity,Md. Alamgir Hossain,2025,10.1016/j.icte.2025.05.007,https://www.sciencedirect.com/science/article/pii/S2405959525000694,journal-article,ICT Express,Current assisted retrieval from 4 official-domain searches; retrieval rank 10; Maximum relevance score 0.34376070; Crossref metadata date 2025-10; not a native database rank or the historical record list,deep q learning intrusion detection system dq ids a novel reinforcement learning approach for adaptive and self learning cybersecurity,,,,no_automatic_match,,not_a_duplicate_candidate,,,not_required
SD011,,FedMSE: Semi-supervised federated learning approach for IoT network intrusion detection,"Nguyen, Van Tuan and Beuran, Razvan",2025,10.1016/j.cose.2025.104337,https://doi.org/10.1016/j.cose.2025.104337,journal-article,Computers & Security,Author-requested targeted corpus-alignment update using verified manuscript paper R31; updates the previous SD011 record at source rank 11; this row is not a native ranked result and is not a historical export,fedmse semi supervised federated learning approach for iot network intrusion detection,,,,no_automatic_match,,not_a_duplicate_candidate,,,not_required
SD012,,TICPS: A trustworthy collaborative intrusion detection framework for industrial cyber-physical systems,"Zhu, Lingzi and Zhao, Bo and Li, Weidong and Wang, Yixuan and An, Yang",2024,10.1016/j.adhoc.2024.103517,https://doi.org/10.1016/j.adhoc.2024.103517,journal-article,Ad Hoc Networks,Author-requested targeted corpus-alignment update using verified manuscript paper R28; updates the previous SD012 record at source rank 12; this row is not a native ranked result and is not a historical export,ticps a trustworthy collaborative intrusion detection framework for industrial cyber physical systems,,,,no_automatic_match,,not_a_duplicate_candidate,,,not_required
SD013,,nNFST: A single-model approach for multiclass novelty detection in network intrusion detection systems,"Nguyen, Xuan-Ha and Le, Kim-Hung",2025,10.1016/j.jnca.2025.104128,https://doi.org/10.1016/j.jnca.2025.104128,journal-article,Journal of Network and Computer Applications,Author-requested targeted corpus-alignment update using verified manuscript paper R25; updates the previous SD013 record at source rank 13; this row is not a native ranked result and is not a historical export,nnfst a single model approach for multiclass novelty detection in network intrusion detection systems,,,,no_automatic_match,,not_a_duplicate_candidate,,,not_required
SD014,,Multi-source refined adversarial domain adaptation with transfer complementarity infusion for IoT intrusion detection under limited samples,"Li, Kehong and Ma, Wengang and Duan, Huawei and Xie, Han",2024,10.1016/j.eswa.2024.124352,https://doi.org/10.1016/j.eswa.2024.124352,journal-article,Expert Systems with Applications,Author-requested targeted corpus-alignment update using verified manuscript paper R21; updates the previous SD014 record at source rank 14; this row is not a native ranked result and is not a historical export,multi source refined adversarial domain adaptation with transfer complementarity infusion for iot intrusion detection under limited samples,,,,no_automatic_match,,not_a_duplicate_candidate,,,not_required
SD015,,Towards trustworthy cybersecurity operations using Bayesian Deep Learning to improve uncertainty quantification of anomaly detection,"Yang, Tengfei and Qiao, Yuansong and Lee, Brian",2024,10.1016/j.cose.2024.103909,https://doi.org/10.1016/j.cose.2024.103909,journal-article,Computers & Security,Author-requested targeted corpus-alignment update using verified manuscript paper R13; updates the previous SD015 record at source rank 15; this row is not a native ranked result and is not a historical export,towards trustworthy cybersecurity operations using bayesian deep learning to improve uncertainty quantification of anomaly detection,,,,no_automatic_match,,not_a_duplicate_candidate,,,not_required
SD016,,TriHID: Towards verifiable domain adaptation-based IoT intrusion detection in heterogeneous environment,"Wu, Jiashu and Wang, Yang",2026,10.1016/j.eswa.2025.129543,https://doi.org/10.1016/j.eswa.2025.129543,journal-article,Expert Systems with Applications,Author-requested targeted corpus-alignment update using verified manuscript paper R12; updates the previous SD016 record at source rank 16; this row is not a native ranked result and is not a historical export,trihid towards verifiable domain adaptation based iot intrusion detection in heterogeneous environment,,,,no_automatic_match,,not_a_duplicate_candidate,,,not_required
SD017,,A novel open set Energy-based Flow Classifier for Network Intrusion Detection,"Souza, Manuela M.C. and Pontes, Camila T. and Gondim, João J.C. and Garcia, Luís P.F. and DaSilva, Luiz and Cavalcante, Eduardo F.M. and Marotta, Marcelo A.",2025,10.1016/j.cose.2025.104569,https://doi.org/10.1016/j.cose.2025.104569,journal-article,Computers & Security,Author-requested targeted corpus-alignment update using verified manuscript paper R6; updates the previous SD017 record at source rank 17; this row is not a native ranked result and is not a historical export,a novel open set energy based flow classifier for network intrusion detection,,,,no_automatic_match,,not_a_duplicate_candidate,,,not_required
SD018,18,Intrusion detection in Software-Defined Networking using hybrid Bayesian model averaging for reliable uncertainty quantification,Yasmine Medjadba; Hamza Drid; Mohamed Rahouti,2025,10.1016/j.comnet.2025.111436,https://www.sciencedirect.com/science/article/pii/S1389128625004037,journal-article,Computer Networks,Current assisted retrieval from 4 official-domain searches; retrieval rank 18; Maximum relevance score 0.21006900; Crossref metadata date 2025-9; not a native database rank or the historical record list,intrusion detection in software defined networking using hybrid bayesian model averaging for reliable uncertainty quantification,,,,no_automatic_match,,not_a_duplicate_candidate,,,not_required
SL001,1,NIDS-APNHA: a transfer learning based network intrusion detection system with alert prioritization and network harmony analysis,Sherin R. C. Jeyavim; Parkavi K.,2025,10.1007/s10586-025-05780-5,https://link.springer.com/article/10.1007/s10586-025-05780-5,journal-article,Cluster Computing,Live record; displayed publication date 03 November 2025; not the historical record list,nids apnha a transfer learning based network intrusion detection system with alert prioritization and network harmony analysis,,,,no_automatic_match,,not_a_duplicate_candidate,,,not_required
SL002,2,Design and validation of a deep learning-based network intrusion detection algorithm,Dai Wanchang; Liu Yingfang; Diao Qi,2026,10.1007/s44163-026-00958-1,https://link.springer.com/article/10.1007/s44163-026-00958-1,journal-article,Discover Artificial Intelligence,Live record; displayed publication date 22 February 2026; not the historical record list,design and validation of a deep learning based network intrusion detection algorithm,DOI_DUP_005,TITLE_DUP_014,,candidate_duplicate,exact DOI candidate with GS067 | normalized-title candidate with GS067,retain_preferred_version,DRG021,GS067,author_confirmed_consensus
SL003,4,A comprehensive defense approach of deep learning-based NIDS against adversarial attacks,Barik Kousik; Misra Sanjay,2025,10.1007/s11042-025-21008-5,https://link.springer.com/article/10.1007/s11042-025-21008-5,journal-article,Multimedia Tools and Applications,Live record; displayed publication date 30 July 2025; current display rank 3 was excluded because it was published after the cutoff,a comprehensive defense approach of deep learning based nids against adversarial attacks,,,,no_automatic_match,,not_a_duplicate_candidate,,,not_required
SL004,5,Enhancing network intrusion detection systems with combined network and host traffic features using deep learning: deep learning and IoT perspective,Alars Estabraq Saleem Abduljabbar; Kurnaz Sefer,2024,10.1007/s10791-024-09480-3,https://link.springer.com/article/10.1007/s10791-024-09480-3,journal-article,Discover Computing,Live record; displayed publication date 04 November 2024; not the historical record list,enhancing network intrusion detection systems with combined network and host traffic features using deep learning deep learning and iot perspective,DOI_DUP_003,TITLE_DUP_016,,candidate_duplicate,exact DOI candidate with GS100 | normalized-title candidate with GS100,retain_preferred_version,DRG024,GS100,author_confirmed_consensus
SL005,6,A minimalistic yet effective domain adaptation strategy for IoMT network intrusion detection,Mahbub Mahir; Riasat Md. Tanjib; Hamid Tasnima; Sutradhar Sujon Chandra; Khan Mohammed Shafiul Alam,2026,10.1007/s43926-026-00288-9,https://link.springer.com/article/10.1007/s43926-026-00288-9,journal-article,Discover Internet of Things,Live record; displayed publication date 09 February 2026; not the historical record list,a minimalistic yet effective domain adaptation strategy for iomt network intrusion detection,,,,no_automatic_match,,not_a_duplicate_candidate,,,not_required
SL006,7,Federated transfer learning for rare attack class detection in network intrusion detection systems,Sri Abhijit Chunduru; Annie Jerusha Y.; Syed Ibrahim S. P.; Varadharajan Vijay,2025,10.1038/s41598-025-02068-x,https://link.springer.com/article/10.1038/s41598-025-02068-x,journal-article,Scientific Reports,Live record; displayed publication date 30 September 2025; not the historical record list,federated transfer learning for rare attack class detection in network intrusion detection systems,,,,no_automatic_match,,not_a_duplicate_candidate,,,not_required
SL007,9,HEN: a novel hybrid explainable neural network based framework for robust network intrusion detection,Wei Wei; Chen Sijin; Chen Cen; Wang Heshi; Liu Jing; Cheng Zhongyao; Zou Xiaofeng,2024,10.1007/s11432-023-4067-x,https://link.springer.com/article/10.1007/s11432-023-4067-x,journal-article,Science China Information Sciences,Live record; displayed publication date 28 June 2024; current display rank 8 was excluded because it was published after the cutoff,hen a novel hybrid explainable neural network based framework for robust network intrusion detection,,,,no_automatic_match,,not_a_duplicate_candidate,,,not_required
SL008,10,SHAP Insights into Domain Adaptation in Netflow-Based Network Intrusion Detection Powered by Deep Learning,Pawlicki Marek; Szelest Sebastian; Kozik Rafal; Choraś Michał,2025,10.1007/978-3-032-00644-8_18,https://link.springer.com/chapter/10.1007/978-3-032-00644-8_18,proceedings-article,International Conference on Availability Reliability and Security,Live record; displayed publication year 2025; not the historical record list,shap insights into domain adaptation in netflow based network intrusion detection powered by deep learning,DOI_DUP_002,TITLE_DUP_022,,candidate_duplicate,exact DOI candidate with GS005 | normalized-title candidate with GS005,retain_preferred_version,DRG010,GS005,author_confirmed_consensus
SL009,11,Neuro-Symbolic Integration for Open Set Recognition in Network Intrusion Detection,Bizzarri Alice; Yu Chung-En; Jalaian Brian; Riguzzi Fabrizio; Bastian Nathaniel D.,2025,10.1007/978-3-031-80607-0_5,https://link.springer.com/chapter/10.1007/978-3-031-80607-0_5,proceedings-article,International Conference of the Italian Association for Artificial Intelligence,Live record; displayed publication year 2025; not the historical record list,neuro symbolic integration for open set recognition in network intrusion detection,DOI_DUP_001,TITLE_DUP_020,,candidate_duplicate,exact DOI candidate with GS051 | normalized-title candidate with GS051,retain_preferred_version,DRG017,GS051,author_confirmed_consensus
